"gene","Name","Size","Clinvar_missense","Location","Uniprot","gtr_count","clinvar_ratio","Group_OMIM","Group_Oliver","chi","monarch","g4e","emma","gene_list_sum","inclusion","glsum_factor","Shuttled","Shuttle_count"
"SCN1A","Sodium channel protein type 1 subunit alpha","2009","2296","Transmembrane","https://www.uniprot.org/uniprotkb/P35498/entry","11","1.14","CEG & DEEG","GGE, Focal, DEE"," 1"," 1"," 1"," 1","3","TRUE","3","L084A_ebc_minAttB_SCN1A_IRES-miRFP670-P2A-PuroR_[BsaImut1Amp2Puro]","1"
"KCNQ2","Potassium voltage-gated channel subfamily KQT member 2"," 872"," 935","Transmembrane","https://www.uniprot.org/uniprotkb/O43526/entry","11","1.07","CEG & DEEG","Focal, DEE"," 1"," 1"," 1"," 1","3","TRUE","3","L073B_ebc_minAttB_KCNQ2_IRES-miRFP670-P2A-PuroR_[BsaImut1Amp2Puro]","1"
"SLC2A1","Solute carrier family 2, facilitated glucose transporter member 1"," 492"," 450","Transmembrane","https://www.uniprot.org/uniprotkb/P11166/entry","10","0.91","CEG","GGE, Focal, DEE"," 1"," 1"," 1"," 1","3","TRUE","3","L087A_ebc_minAttB_SLC2A1(GLUT1)_IRES-miRFP670-P2A-PuroR_[BsaImut1Amp2Puro]","1"
"CLN8","Protein CLN8"," 286"," 250","Transmembrane","https://www.uniprot.org/uniprotkb/Q9UBY8/entry"," 6","0.87","SRG","PME"," 1"," 1"," 1",NA,"3","TRUE","3","L075A_ebc_minAttB_CLN8_IRES-miRFP670-P2A-PuroR_[BsaImut1Amp2Puro]","1"
"CHRNA4","Neuronal acetylcholine receptor subunit alpha-4"," 627"," 506","Transmembrane","https://www.uniprot.org/uniprotkb/P43681/entry"," 8","0.81","CEG","Focal"," 1"," 1"," 1"," 1","3","TRUE","3","L089G_ebc_minAttB_CHRNA4_IRES-miRFP670-P2A-PuroR_[BsaImut1Amp2Puro]","1"
"CHRNA2","Neuronal acetylcholine receptor subunit alpha-2"," 529"," 373","Transmembrane","https://www.uniprot.org/uniprotkb/Q15822/entry"," 8","0.71","CEG","Focal"," 1"," 1"," 1"," 1","3","TRUE","3","L088A_ebc_minAttB_CHRNA2_IRES-miRFP670-P2A-PuroR_[BsaImut1Amp2Puro]","1"
"SCN2A","Sodium channel protein type 2 subunit alpha","2005","1390","Transmembrane","https://www.uniprot.org/uniprotkb/Q99250/entry","11","0.69","CEG & DEEG","GGE, Focal, DEE"," 1"," 1"," 1"," 1","3","TRUE","3","L085C_ebc_minAttB_SCN2A_IRES-miRFP670-P2A-PuroR_[BsaImut1Amp2Puro]","1"
"GABRA1","Gamma-aminobutyric acid receptor subunit alpha-1"," 456"," 292","Transmembrane","https://www.uniprot.org/uniprotkb/P14867/entry","11","0.64","CEG & DEEG","GGE, DEE"," 1"," 1"," 1"," 1","3","TRUE","3","L132A_ebc_minAttB_GABRA1_IRES-mCherry-P2A-PuroR_[BsaI_SapI_clean]","1"
"KCNQ3","Potassium voltage-gated channel subfamily KQT member 3"," 872"," 530","Transmembrane","https://www.uniprot.org/uniprotkb/O43525/entry","10","0.61","CEG","Focal, DEE"," 1"," 1"," 1"," 1","3","TRUE","3","L148C_ebc_minAttB_KCNQ3_IRES-mCherry-P2A-PuroR_[BsaImut1Amp2Puro]","1"
"GNAO1","Guanine nucleotide-binding protein G(o) subunit alpha"," 354"," 215","Transmembrane","https://www.uniprot.org/uniprotkb/P09471/entry"," 6","0.61","DEEG","DEE"," 1"," 1"," 1"," 1","3","TRUE","3","L138B_ebc_minAttB_GNAO1_IRES-mCherry-P2A-PuroR_[BsaI_SapI_clean]","1"
"CHRNB2","Neuronal acetylcholine receptor subunit beta-2"," 502"," 291","Transmembrane","https://www.uniprot.org/uniprotkb/P17787/entry"," 8","0.58","CEG","Focal"," 1"," 1"," 1"," 1","3","TRUE","3","L082A_ebc_minAttB_CHRNB2_IRES-miRFP670-P2A-PuroR_[BsaImut1Amp2Puro]","1"
"SCN8A","Sodium channel protein type 8 subunit alpha","1980","1138","Transmembrane","https://www.uniprot.org/uniprotkb/Q9UQD0/entry"," 9","0.57","CEG & DEEG","Focal, DEE, PME"," 1"," 1"," 1"," 1","3","TRUE","3","L081B_ebc_minAttB_SCN8A_IRES-miRFP670-P2A-PuroR_[BsaImut1Amp2Puro]","1"
"SLC25A22","Mitochondrial glutamate carrier 1"," 323"," 175","Mito-Mem","https://www.uniprot.org/uniprotkb/Q9H936/entry"," 9","0.54","DEEG","DEE"," 1"," 1"," 1",NA,"3","TRUE","3","L110C_ebc_minAttB_SLC25A22_IRES-mCherry-P2A-PuroR_[BsaImut1Amp2Puro]","1"
"SLC19A3","Thiamine transporter 2"," 496"," 266","Transmembrane","https://www.uniprot.org/uniprotkb/Q9BZV2/entry"," 7","0.54",NA,NA,NA,NA," 1",NA,"1","TRUE","1","L112A_ebc_minAttB_SLC19A3_IRES-mCherry-P2A-PuroR_[BsaImut1Amp2Puro]","1"
"KCNB1","Potassium voltage-gated channel subfamily B member 1"," 858"," 438","Transmembrane","https://www.uniprot.org/uniprotkb/Q14721/entry"," 8","0.51","DEEG","DEE, MCD"," 1"," 1"," 1"," 1","3","TRUE","3","L074B_ebc_minAttB_KCNB1_IRES-miRFP670-P2A-PuroR_[BsaImut1Amp2Puro]","1"
"SLC6A8","Sodium- and chloride-dependent creatine transporter 1"," 635"," 304","Transmembrane","https://www.uniprot.org/uniprotkb/P48029/entry"," 8","0.48",NA,NA,NA,NA," 1",NA,"1","TRUE","1","L105A_ebc_minAttB_SLC6A8_IRES-mCherry-P2A-PuroR_[BsaImut1Amp2Puro]","1"
"FOLR1","Folate receptor alpha"," 257"," 120","Transmembrane","https://www.uniprot.org/uniprotkb/P15328/entry"," 8","0.47",NA,NA,NA,NA," 1",NA,"1","TRUE","1","L113C_ebc_minAttB_FOLR1_IRES-mCherry-P2A-PuroR_[BsaImut1Amp2Puro]","1"
"LGI1","Leucine-rich glioma-inactivated protein 1"," 557"," 233","Secreted?","https://www.uniprot.org/uniprotkb/O95970/entry"," 8","0.42","CEG","Focal"," 1"," 1"," 1"," 1","3","TRUE","3","L150A_ebc_minAttB_LGI1_IRES-mCherry-P2A-PuroR_[BsaI_SapI_clean]","1"
"PIGA","Phosphatidylinositol N-acetylglucosaminyltransferase subunit A"," 484"," 198","Transmembrane","https://www.uniprot.org/uniprotkb/P37287/entry"," 7","0.41","SRG","DEE"," 1"," 1"," 1",NA,"3","TRUE","3","L152A_ebc_minAttB_PIGA _IRES-mCherry-P2A-PuroR_[BsaI_SapI_clean]","1"
"GRIN1","Glutamate receptor ionotropic, NMDA 1"," 938"," 388","Transmembrane","https://www.uniprot.org/uniprotkb/Q05586/entry"," 5","0.41","DEEG & SRG","DEE, MCD"," 1"," 1"," 1",NA,"3","TRUE","3","L071A_ebc_minAttB_EGFP-GRIN1_IRES-miRFP670-P2A-PuroR_[BsaImut1Amp2Puro]","1"
"SLC35A2","UDP-galactose translocator"," 396"," 158","Golgi-TM","https://www.uniprot.org/uniprotkb/P78381/entry"," 9","0.40",NA,NA,NA,NA," 1",NA,"1","TRUE","1","L115C_ebc_minAttB_SLC35A2_IRES-mCherry-P2A-PuroR_[BsaImut1Amp2Puro]","1"
"GABRB1","Gamma-aminobutyric acid receptor subunit beta-1"," 474"," 176","Transmembrane","https://www.uniprot.org/uniprotkb/P18505/entry"," 2","0.37","DEEG","DEE"," 1"," 1"," 1"," 1","3","TRUE","3","L155B_ebc_minAttB_GABRB1_IRES-mCherry-P2A-PuroR_[BsaI_SapI_clean]","1"
"SLC12A5","Solute carrier family 12 member 5","1139"," 338","Transmembrane","https://www.uniprot.org/uniprotkb/Q9H2X9/entry"," 6","0.30","CEG & DEEG","DEE"," 1"," 1"," 1"," 1","3","TRUE","3","L086B_ebc_minAttB_SLC12A5(KCC2b)_IRES-miRFP670-P2A-PuroR_[BsaImut1Amp2Puro]","1"
"SLC25A12","Electrogenic aspartate/glutamate antiporter SLC25A12, mitochondrial"," 678"," 200","Mito-Mem","https://www.uniprot.org/uniprotkb/O75746/entry"," 6","0.29","DEEG","DEE"," 1"," 1"," 1",NA,"3","TRUE","3","L111A_ebc_minAttB_SLC25A12_IRES-mCherry-P2A-PuroR_[BsaImut1Amp2Puro]","1"
"MECP2","Methyl-CpG-binding protein 2"," 486"," 666","Nucleus","https://www.uniprot.org/uniprotkb/P51608/entry","10","1.37",NA,NA,NA," 1"," 1",NA,"2","TRUE","2","L205_ebc_minAttB_MECP2_IRES-miRFP670-P2A-PuroR","0"
"SCN1B","Sodium channel subunit beta-1"," 218"," 276","Transmembrane","https://www.uniprot.org/uniprotkb/Q07699/entry","10","1.27","CEG & DEEG","GGE, Focal, DEE"," 1"," 1"," 1"," 1","3","TRUE","3","L170_ebc_minAttB_SCN1B_IRES-miRFP670-P2A-PuroR_[BsaImut1Amp2Puro]","0"
"GAMT","Guanidinoacetate N-methyltransferase"," 236"," 254","Cytoplasm","https://www.uniprot.org/uniprotkb/Q14353/entry"," 9","1.08",NA,NA,NA,NA," 1",NA,"1","TRUE","1","L187_ebc_minAttB_GAMT_IRES-miRFP670-P2A-PuroR","0"
"WWOX","WW domain-containing oxidoreductase"," 414"," 440","Cytoplasmic","https://www.uniprot.org/uniprotkb/Q9NZC7/entry"," 8","1.06","DEEG","DEE, MCD"," 1"," 1"," 1"," 1","3","TRUE","3","L189_ebc_minAttB_WWOX_IRES-miRFP670-P2A-PuroR","0"
"MDH2","Malate dehydrogenase, mitochondrial"," 338"," 354","Mitochondrial","https://www.uniprot.org/uniprotkb/P40926/entry"," 3","1.05","DEEG","DEE"," 1"," 1"," 1",NA,"3","TRUE","3",NA,"0"
"PRRT2","Proline-rich transmembrane protein 2"," 340"," 320","Transmembrane","https://www.uniprot.org/uniprotkb/Q7Z6L0/entry","10","0.94","CEG","Focal, DEE"," 1"," 1"," 1"," 1","3","TRUE","3","L174_ebc_minAttB_PRRT2_IRES-miRFP670-P2A-PuroR_[BsaImut1Amp2Puro]","0"
"CDKL5","Cyclin-dependent kinase-like 5"," 960"," 791","Nucleus","https://www.uniprot.org/uniprotkb/O76039/entry","10","0.82","DEEG","DEE"," 1"," 1"," 1"," 1","3","TRUE","3",NA,"0"
"EPM2A","Laforin"," 331"," 265","Cytoplasm","https://www.uniprot.org/uniprotkb/O95278/entry"," 8","0.80","CEG","PME"," 1"," 1"," 1"," 1","3","TRUE","3","NA","0"
"TBC1D24","TBC1 domain family member 24"," 559"," 443","Cytoplasmic?","https://www.uniprot.org/uniprotkb/Q9ULP9/entry","10","0.79","CEG & DEEG","Focal, DEE, PME"," 1"," 1"," 1"," 1","3","TRUE","3","L204_ebc_minAttB_TBC1D241_IRES-miRFP670-P2A-PuroR","0"
"CLN6","Ceroid-lipofuscinosis neuronal protein 6"," 311"," 246","Transmembrane","https://www.uniprot.org/uniprotkb/Q9NWW5/entry"," 7","0.79",NA,NA,NA,NA," 1",NA,"1","TRUE","1","L173_ebc_minAttB_CLN6_IRES-miRFP670-P2A-PuroR_[BsaImut1Amp2Puro]","0"
"TPP1","Tripeptidyl-peptidase 1"," 563"," 432","Secreted","https://www.uniprot.org/uniprotkb/O14773/entry"," 7","0.77",NA,NA,NA,NA," 1",NA,"1","TRUE","1","L144_ebc_minAttB_TPP1_IRES-mCherry-P2A-PuroR_[BsaI_SapI_clean]","0"
"STXBP1","Syntaxin-binding protein 1"," 594"," 438","Cytoplasm","https://www.uniprot.org/uniprotkb/P61764/entry"," 9","0.74","DEEG","DEE"," 1"," 1"," 1"," 1","3","TRUE","3","L107_ebc_minAttB_STXBP1_IRES-mCherry-P2A-PuroR_[BsaImut1Amp2Puro]","0"
"CLN3","Battenin"," 438"," 323","Transmembrane","https://www.uniprot.org/uniprotkb/Q13286/entry"," 7","0.74",NA,NA,NA,NA," 1",NA,"1","TRUE","1","L171_ebc_minAttB_CLN3_IRES-miRFP670-P2A-PuroR_[BsaImut1Amp2Puro]","0"
"ITPA","Inosine triphosphate pyrophosphatase"," 194"," 141","Cytoplasm","https://www.uniprot.org/uniprotkb/Q9BY32/entry"," 6","0.73","DEEG","DEE"," 1"," 1"," 1"," 1","3","TRUE","3","L186_ebc_minAttB_ITPA_IRES-miRFP670-P2A-PuroR","0"
"KCNT1","Potassium channel subfamily T member 1","1230"," 889","Transmembrane","https://www.uniprot.org/uniprotkb/Q5JUK3/entry"," 9","0.72","CEG & DEEG","Focal, DEE"," 1"," 1"," 1"," 1","3","TRUE","3","NA","0"
"SLC6A1","Sodium- and chloride-dependent GABA transporter 1"," 599"," 421","Transmembrane","https://www.uniprot.org/uniprotkb/P30531/entry"," 6","0.70","CEG","GGE, Focal, DEE"," 1"," 1"," 1"," 1","3","TRUE","3","L096_ebc_minAttB_SLC6A1_IRES-mCherry-P2A-PuroR_[BsaImut1Amp2Puro]","0"
"CACNA1A","Voltage-dependent P/Q-type calcium channel subunit alpha-1A","2506","1739","Transmembrane","https://www.uniprot.org/uniprotkb/O00555/entry","10","0.69","DEEG","GGE, DEE, PME"," 1"," 1"," 1"," 1","3","TRUE","3",NA,"0"
"GRIN2A","Glutamate receptor ionotropic, NMDA 2A","1464","1006","Transmembrane","https://www.uniprot.org/uniprotkb/Q12879/entry","10","0.69","CEG","Focal, DEE, MCD"," 1"," 1"," 1"," 1","3","TRUE","3","NA","0"
"PPT1","Palmitoyl-protein thioesterase 1"," 306"," 207","Secreted","https://www.uniprot.org/uniprotkb/P50897/entry"," 7","0.68",NA,NA,NA,NA," 1",NA,"1","TRUE","1","L143_ebc_minAttB_PPT1_IRES-mCherry-P2A-PuroR_[BsaI_SapI_clean]","0"
"NPRL3","GATOR1 complex protein NPRL3"," 569"," 384","Unclear","https://www.uniprot.org/uniprotkb/Q12980/entry"," 8","0.67","CEG","Focal, MCD"," 1"," 1"," 1",NA,"3","TRUE","3","L142_ebc_minAttB_NPRL3_IRES-mCherry-P2A-PuroR_[BsaI_SapI_clean]","0"
"GOSR2","Golgi SNAP receptor complex member 2"," 212"," 141","Transmembrane","https://www.uniprot.org/uniprotkb/O14653/entry"," 7","0.67","CEG","PME"," 1"," 1"," 1"," 1","3","TRUE","3","L137_ebc_minAttB_GOSR2_IRES-mCherry-P2A-PuroR_[BsaI_SapI_clean]","0"
"ALDH7A1","Alpha-aminoadipic semialdehyde dehydrogenase"," 539"," 353","Cyto/Mito","https://www.uniprot.org/uniprotkb/P49419/entry","10","0.65","CEG","DEE"," 1"," 1"," 1"," 1","3","TRUE","3","L203_ebc_minAttB_ALDH7A1_IRES-miRFP670-P2A-PuroR","0"
"DEPDC5","GATOR1 complex protein DEPDC5","1603","1036","Cytoplasm","https://www.uniprot.org/uniprotkb/O75140/entry"," 8","0.65","CEG","Focal, DEE, MCD"," 1"," 1"," 1"," 1","3","TRUE","3","L140_ebc_minAttB_DEPDC5_IRES-mCherry-P2A-PuroR_[BsaI_SapI_clean]","0"
"CLN5","Bis(monoacylglycero)phosphate synthase CLN5"," 358"," 233","Transmembrane","https://www.uniprot.org/uniprotkb/O75503/entry"," 7","0.65",NA,NA,NA,NA," 1",NA,"1","TRUE","1","L172_ebc_minAttB_CLN5_IRES-miRFP670-P2A-PuroR_[BsaImut1Amp2Puro]","0"
"GABRB3","Gamma-aminobutyric acid receptor subunit beta-3"," 473"," 299","Transmembrane","https://www.uniprot.org/uniprotkb/P28472/entry"," 9","0.63","CEG & DEEG","DEE"," 1"," 1"," 1"," 1","3","TRUE","3","L121_ebc_minAttB_GABRB3_IRES-mCherry-P2A-PuroR_[BsaImut1Amp2Puro]","0"
"MFSD8","Major facilitator superfamily domain-containing protein 8, CLN7"," 518"," 316","Transmembrane","https://www.uniprot.org/uniprotkb/Q8NHS3/entry"," 7","0.61",NA,NA,NA,NA," 1",NA,"1","TRUE","1","L134_ebc_minAttB_MFSD8_IRES-mCherry-P2A-PuroR_[BsaI_SapI_clean]","0"
"FRRS1L","DOMON domain-containing protein FRRS1L"," 293"," 172","Transmembrane","https://www.uniprot.org/uniprotkb/Q9P0K9/entry"," 7","0.59","DEEG","DEE"," 1"," 1"," 1"," 1","3","TRUE","3","L175_ebc_minAttB_FRRS1L_IRES-miRFP670-P2A-PuroR_[BsaImut1Amp2Puro]","0"
"PCDH19","Protocadherin-19","1148"," 669","Transmembrane","https://www.uniprot.org/uniprotkb/Q8TAB3/entry","10","0.58","DEEG","Focal, DEE"," 1"," 1"," 1"," 1","3","TRUE","3","L149_ebc_minAttB_PCDH19_IRES-mCherry-P2A-PuroR_[BsaI_SapI_clean]","0"
"GABRG2","Gamma-aminobutyric acid receptor subunit gamma-2"," 475"," 271","Transmembrane","https://www.uniprot.org/uniprotkb/P18507/entry","11","0.57","CEG & DEEG","GGE, DEE"," 1"," 1"," 1"," 1","3","TRUE","3","L191_ebc_minAttB_GABRG2_IRES-miRFP670-P2A-PuroR","0"
"CSTB","Cytostatin-B","  98","  56","Cytoplasm","https://www.uniprot.org/uniprotkb/P04080/entry"," 7","0.57","CEG","PME"," 1"," 1"," 1"," 1","3","TRUE","3","L197_ebc_minAttB_CSTB_IRES-miRFP670-P2A-PuroR","0"
"KCTD7","BTB/POZ domain-containing protein KCTD7"," 289"," 165","Cytoplasm","https://www.uniprot.org/uniprotkb/Q96MP8/entry"," 7","0.57","CEG","PME"," 1"," 1"," 1"," 1","3","TRUE","3","L188_ebc_minAttB_KCTD7_IRES-miRFP670-P2A-PuroR","0"
"KCNA2","Potassium voltage-gated channel subfamily A member 2"," 499"," 278","Transmembrane","https://www.uniprot.org/uniprotkb/P16389/entry"," 8","0.56","DEEG","GGE, Focal, DEE, PME"," 1"," 1"," 1"," 1","3","TRUE","3","L176_ebc_minAttB_KCNA2_IRES-miRFP670-P2A-PuroR_[BsaImut1Amp2Puro]","0"
"ATP1A2","Sodium/potassium-transporting ATPase subunit alpha-2","1020"," 559","Transmembrane","https://www.uniprot.org/uniprotkb/P50993/entry"," 6","0.55","DEEG","DEE, MCD"," 1"," 1"," 1",NA,"3","TRUE","3",NA,"0"
"ADSL","Adenylosuccinate lyase"," 484"," 265","Cytoplasm","https://www.uniprot.org/uniprotkb/P30566/entry"," 7","0.55",NA,NA,NA,NA," 1",NA,"1","TRUE","1","L202_ebc_minAttB_ADSL_IRES-miRFP670-P2A-PuroR","0"
"CTSD","Cathepsin D"," 412"," 228","Secreted","https://www.uniprot.org/uniprotkb/P07339/entry"," 7","0.55",NA,NA,NA,NA," 1",NA,"1","TRUE","1","L145_ebc_minAttB_CTSD_IRES-mCherry-P2A-PuroR_[BsaI_SapI_clean]","0"
"HCN1","Potassium/sodium hyperpolarization-activated cyclic nucleotide-gated channel 1"," 890"," 483","Transmembrane","https://www.uniprot.org/uniprotkb/O60741/entry"," 8","0.54","CEG & DEEG","GGE, DEE"," 1"," 1"," 1"," 1","3","TRUE","3",NA,"0"
"NHLRC1","E3 ubiquitin-protein ligase NHLRC1"," 395"," 208","Unclear","https://www.uniprot.org/uniprotkb/Q6VVB1/entry"," 8","0.53","CEG","PME"," 1"," 1"," 1"," 1","3","TRUE","3","L195_ebc_minAttB_NHLRC1_IRES-miRFP670-P2A-PuroR","0"
"PNPO","Pyridoxine-5'-phosphate oxidase"," 261"," 136","Cytoplasm","https://www.uniprot.org/uniprotkb/Q9NVS9/entry","10","0.52",NA,NA,NA," 1"," 1"," 1","2","TRUE","2",NA,"0"
"GRIN2B","Glutamate receptor ionotropic, NMDA 2B","1484"," 764","Transmembrane","https://www.uniprot.org/uniprotkb/Q13224/entry","10","0.51","DEEG & SRG","DEE, MCD"," 1"," 1"," 1"," 1","3","TRUE","3","NA","0"
"GABRB2","Gamma-aminobutyric acid receptor subunit beta-2"," 512"," 263","Transmembrane","https://www.uniprot.org/uniprotkb/P47870/entry"," 8","0.51","DEEG","GGE, DEE"," 1"," 1"," 1",NA,"3","TRUE","3","L179_ebc_minAttB_GABRB2_IRES-miRFP670-P2A-PuroR_[BsaImut1Amp2Puro]","0"
"WDR45","WD repeat domain phosphoinositide-interacting protein 4"," 360"," 182","Cytoplasmic","https://www.uniprot.org/uniprotkb/Q9Y484/entry"," 8","0.51",NA,NA,NA,NA," 1",NA,"1","TRUE","1","L198_ebc_minAttB_WDR45_IRES-miRFP670-P2A-PuroR_[BsaImut1Amp2Puro]","0"
"LMNB2","Lamin-B2"," 620"," 303","Nucleus","https://www.uniprot.org/uniprotkb/Q03252/entry"," 4","0.49","CEG","PME"," 1"," 1"," 1"," 1","3","TRUE","3",NA,"0"
"DCX","Neuronal migration protein doublecortin"," 365"," 180","Cytoplasm","https://www.uniprot.org/uniprotkb/O43602/entry"," 7","0.49",NA,NA,NA,NA," 1"," 1","1","TRUE","1","L196_ebc_minAttB_DCX_IRES-miRFP670-P2A-PuroR","0"
"SLC13A5","Na(+)/citrate cotransporter"," 568"," 273","Transmembrane","https://www.uniprot.org/uniprotkb/Q86YT5/entry"," 8","0.48","DEEG","DEE"," 1"," 1"," 1",NA,"3","TRUE","3","L104_ebc_minAttB_SLC13A5_IRES","0"
"SCN3A","Sodium channel protein type 3 subunit alpha","2000"," 960","Transmembrane","https://www.uniprot.org/uniprotkb/Q9NY46/entry"," 7","0.48","CEG & DEEG","DEE, MCD"," 1"," 1"," 1"," 1","3","TRUE","3",NA,"0"
"KCNJ10","ATP-sensitive inward rectifier potassium channel 10"," 379"," 182","Transmembrane","https://www.uniprot.org/uniprotkb/P78508/entry"," 7","0.48",NA,NA,NA,NA," 1"," 1","1","TRUE","1","L177_ebc_minAttB_KCNJ10_IRES-mCherry-P2A-PuroR_[BsaImut1Amp2Puro]","0"
"ATP1A3","Sodium/potassium-transporting ATPase subunit alpha-3","1013"," 478","Transmembrane","https://www.uniprot.org/uniprotkb/P13637/entry"," 7","0.47","DEEG","DEE, MCD"," 1"," 1"," 1",NA,"3","TRUE","3",NA,"0"
"KCNC1","Voltage-gated potassium channel KCNC1"," 511"," 233","Transmembrane","https://www.uniprot.org/uniprotkb/P48547/entry"," 7","0.46","CEG","DEE, PME"," 1"," 1"," 1"," 1","3","TRUE","3","L181_ebc_minAttB_KCNC1_IRES-miRFP670-P2A-PuroR_[BsaImut1Amp2Puro]","0"
"EEF1A2","Elongation factor 1-alpha 2"," 463"," 209","Nucleus????","https://www.uniprot.org/uniprotkb/Q05639/entry"," 8","0.45","DEEG","DEE"," 1"," 1"," 1"," 1","3","TRUE","3","L206_ebc_minAttB_EEF1A2_IRES-miRFP670-P2A-PuroR","0"
"STX1B","Syntaxin-1B"," 288"," 129","Transmembrane","https://www.uniprot.org/uniprotkb/P61266/entry"," 7","0.45","CEG","GGE, Focal, DEE"," 1"," 1"," 1"," 1","3","TRUE","3","L180_ebc_minAttB_STX1B_IRES-miRFP670-P2A-PuroR_[BsaImut1Amp2Puro]","0"
"MEF2C","Myocyte-specific enhancer factor 2C"," 473"," 211","Nucleus","https://www.uniprot.org/uniprotkb/Q06413/entry"," 7","0.45",NA,NA,NA,NA," 1",NA,"1","TRUE","1","L207_ebc_minAttB_MEF2C_IRES-miRFP670-P2A-PuroR","0"
"DNM1","Dynamin-1"," 864"," 377","Cytoplasmic","https://www.uniprot.org/uniprotkb/Q05193/entry"," 8","0.44","DEEG","DEE"," 1"," 1"," 1"," 1","3","TRUE","3","L141_ebc_minAttB_DNM1_IRES-mCherry-P2A-PuroR_[BsaI_SapI_clean]","0"
"SYNJ1","Synaptojanin-1","1573"," 679","Cytoplasm","https://www.uniprot.org/uniprotkb/O43426/entry"," 8","0.43","DEEG","DEE"," 1"," 1"," 1",NA,"3","TRUE","3","NA","0"
"PIGN","GPI ethanolamine phosphate transferase 1"," 931"," 401","Transmembrane","https://www.uniprot.org/uniprotkb/O95427/entry"," 7","0.43",NA,NA,NA,NA," 1",NA,"1","TRUE","1",NA,"0"
"ARHGEF9","Rho guanine nucleotide exchange factor 9"," 516"," 212","Cytoplasm","https://www.uniprot.org/uniprotkb/O43307/entry"," 9","0.41","DEEG","Focal, DEE"," 1"," 1"," 1"," 1","3","TRUE","3","L210_ebc_minAttB_ARHGEF9_IRES-miRFP670-P2A-PuroR","0"
"SCARB2","Lysosome membrane protein 2"," 478"," 185","Transmembrane","https://www.uniprot.org/uniprotkb/Q14108/entry"," 8","0.39","CEG","PME"," 1"," 1"," 1"," 1","3","TRUE","3","L157_ebc_minAttB_SCARB2_IRES-mCherry-P2A-PuroR","0"
"SYN1","Synapsin-1"," 705"," 276","Cytoplasm","https://www.uniprot.org/uniprotkb/P17600/entry"," 6","0.39","CEG","Focal, DEE"," 1"," 1"," 1"," 1","3","TRUE","3","L211_ebc_minAttB_SYN1_IRES-miRFP670-P2A-PuroR","0"
"ST3GAL3","CMP-N-acetylneuraminate-beta-1,4-galactoside alpha-2,3-sialyltransferase"," 375"," 142","Transmembrane","https://www.uniprot.org/uniprotkb/Q11203/entry"," 5","0.38","DEEG","DEE"," 1"," 1"," 1",NA,"3","TRUE","3","L163_ebc_minAttB_ST3GAL3_IRES-mCherry-P2A-PuroR","0"
"CACNA1E","Voltage-dependent R-type calcium channel subunit alpha-1E","2313"," 877","Transmembrane","https://www.uniprot.org/uniprotkb/Q15878/entry"," 4","0.38","DEEG","DEE"," 1"," 1"," 1",NA,"3","TRUE","3",NA,"0"
"SLC1A2","Excitatory amino acid transporter 2"," 574"," 220","Transmembrane","https://www.uniprot.org/uniprotkb/P43004/entry"," 3","0.38","DEEG","DEE"," 1"," 1"," 1"," 1","3","TRUE","3","L114_ebc_minAttB_SLC1A2_IRES-mCherry-P2A-PuroR_[BsaImut1Amp2Puro]","0"
"KCNMA1","Calcium-activated potassium channel subunit alpha-1","1236"," 454","Transmembrane","https://www.uniprot.org/uniprotkb/Q12791/entry"," 8","0.37","CEG & SRG","DEE"," 1"," 1"," 1"," 1","3","TRUE","3","L169_ebc_minAttB_KCNMA1_IRES-miRFP670-P2A-PuroR_[BsaI_SapI_clean]","0"
"PLPBP","Pyridoxal phosphate homeostasis protein"," 275"," 103","Cytoplasm","https://www.uniprot.org/uniprotkb/O94903/entry"," 4","0.37","CEG","DEE"," 1"," 1"," 1",NA,"3","TRUE","3",NA,"0"
"CASK","Peripheral plasma membrane protein CASK"," 926"," 346","Cytoplasm","https://www.uniprot.org/uniprotkb/O14936/entry"," 7","0.37",NA,NA,NA,NA," 1"," 1","1","TRUE","1",NA,"0"
"ST3GAL5","Lactosylceramide alpha-2,3-sialyltransferase"," 418"," 155","Transmembrane","https://www.uniprot.org/uniprotkb/Q9UNP4/entry"," 7","0.37",NA,NA,NA,NA," 1"," 1","1","TRUE","1","L178_ebc_minAttB_ST3GAL5_IRES-miRFP670-P2A-PuroR_[BsaImut1Amp2Puro]","0"
"NTRK2","BDNF/NT-3 growth factors receptor"," 822"," 299","Transmembrane","https://www.uniprot.org/uniprotkb/Q16620/entry"," 2","0.36","DEEG","DEE"," 1"," 1"," 1",NA,"3","TRUE","3","L139_ebc_minAttB_NTRK2_IRES-mCherry-P2A-PuroR_[BsaI_SapI_clean]","0"
"NECAP1","Adaptin ear-binding coat-associated protein 1"," 275","  88","Cytoplasmic","https://www.uniprot.org/uniprotkb/Q8NC96/entry"," 4","0.32","DEEG","DEE"," 1"," 1"," 1"," 1","3","TRUE","3","L192_ebc_minAttB_NECAP1_IRES-miRFP670-P2A-PuroR","0"
"GABRA2","Gamma-aminobutyric acid receptor subunit alpha-2"," 451"," 139","Transmembrane","https://www.uniprot.org/uniprotkb/P47869/entry"," 2","0.31","DEEG","DEE"," 1"," 1"," 1",NA,"3","TRUE","3","L120_ebc_minAttB_GABRA2_IRES-mCherry-P2A-PuroR_[BsaImut1Amp2Puro]","0"
"AP3B2","AP-3 complex subunit beta-2","1082"," 298","Cytoplasm","https://www.uniprot.org/uniprotkb/Q13367/entry"," 4","0.28","DEEG","DEE"," 1"," 1"," 1",NA,"3","TRUE","3",NA,"0"
"YWHAG","14-3-3 protein gamma"," 247","  63","Cytoplasm","https://www.uniprot.org/uniprotkb/P61981/entry"," 4","0.26","DEEG","DEE"," 1"," 1"," 1",NA,"3","TRUE","3",NA,"0"
"NPRL2","GATOR1 complex protein NPRL2"," 380","  76","Cytoplasmic","https://www.uniprot.org/uniprotkb/Q8WTW4/entry"," 4","0.20","CEG","Focal, MCD"," 1"," 1"," 1",NA,"3","TRUE","3","NA","0"
"ARFGEF2","Brefeldin A-inhibited guanine nucleotide-exchange protein 2","1785"," 275","Cytoplasm","https://www.uniprot.org/uniprotkb/Q9Y6D5/entry"," 7","0.15",NA,NA,NA,NA," 1"," 1","1","TRUE","1","NA","0"
"ARV1","Protein ARV1"," 271","  29","Transmembrane","https://www.uniprot.org/uniprotkb/Q9H2C2/entry"," 4","0.11","DEEG","DEE"," 1"," 1"," 1"," 1","3","TRUE","3","L193_ebc_minAttB_ARV1_IRES-miRFP670-P2A-PuroR","0"
"KCNC2","Voltage-gated potassium channel KCNC2"," 638","  72","transmembrane","https://www.uniprot.org/uniprotkb/Q96PR1/entry",NA,"0.11","DEEG","GGE, DEE"," 1"," 1"," 1",NA,"3","TRUE","3",NA,"0"
"UGDH","UDP-glucose 6-dehydrogenase"," 494","  41","Cytoplasm","https://www.uniprot.org/uniprotkb/O60701/entry"," 3","0.08","DEEG","DEE"," 1"," 1"," 1",NA,"3","TRUE","3",NA,"0"
"GABRA5","Gamma-aminobutyric acid receptor subunit alpha-5"," 462","  39","Transmembrane","https://www.uniprot.org/uniprotkb/P31644/entry"," 2","0.08","DEEG","GGE, DEE"," 1"," 1"," 1",NA,"3","TRUE","3","L103_ebc_minAttB_GABRA5_IRES-mCherry-P2A-PuroR_[BsaImut1Amp2Puro]","0"
"SLC38A3","Sodium-coupled neutral amino acid transporter 3"," 504","  30","Transmembrane","https://www.uniprot.org/uniprotkb/Q99624/entry",NA,"0.06","DEEG","DEE"," 1"," 1"," 1",NA,"3","TRUE","3","NA","0"
"UGP2","UTP--glucose-1-phosphate uridylyltransferase"," 508","  23","Cytoplasm","https://www.uniprot.org/uniprotkb/Q16851/entry"," 3","0.05","DEEG","DEE"," 1"," 1"," 1",NA,"3","TRUE","3","L190_ebc_minAttB_UGP2_IRES-miRFP670-P2A-PuroR","0"
"ARX","Homeobox protein ARX (Transcription factor)"," 562",NA,"Nucleus","https://www.uniprot.org/uniprotkb/Q96QS3/entry"," 9",NA,"DEEG","DEE, MCD"," 1"," 1"," 1"," 1","3","TRUE","3",NA,"0"
"CHD2","Chromodomain-helicase-DNA-binding protein 2","1828",NA,"Nucleus","https://www.uniprot.org/uniprotkb/O14647/entry"," 9",NA,"DEEG","GGE, DEE, PME"," 1"," 1"," 1"," 1","3","TRUE","3",NA,"0"
"HNRNPU","Heterogeneous nuclear ribonucleoprotein U"," 825",NA,"Nuc/Cyto","https://www.uniprot.org/uniprotkb/Q00839/entry"," 9",NA,"DEEG","DEE"," 1"," 1"," 1",NA,"3","TRUE","3",NA,"0"
"PNKP","Bifunctional polynucleotide phosphatase/kinase"," 521",NA,"Nucleus","https://www.uniprot.org/uniprotkb/Q96T60/entry"," 9",NA,"SRG","DEE"," 1"," 1"," 1"," 1","3","TRUE","3",NA,"0"
"ALG13","UDP-N-acetylglucosamine transferase subunit ALG13","1137",NA,"Cytoplasmic","https://www.uniprot.org/uniprotkb/Q9NP73/entry"," 8",NA,"DEEG","DEE"," 1"," 1"," 1"," 1","3","TRUE","3",NA,"0"
"PLCB1","1-phosphatidylinositol 4,5-bisphosphate phosphodiesterase beta-1","1216",NA,"Cytoplasm","https://www.uniprot.org/uniprotkb/Q9NQ66/entry"," 8",NA,"DEEG","DEE"," 1"," 1"," 1"," 1","3","TRUE","3",NA,"0"
"SPTAN1","Spectrin alpha chain, non-erythrocytic 1","2472",NA,"Cytoplasm","https://www.uniprot.org/uniprotkb/Q13813/entry#subcellular_location"," 8",NA,"DEEG","DEE"," 1"," 1"," 1"," 1","3","TRUE","3",NA,"0"
"BRAT1","BRCA1-associated ATM activator 1"," 821",NA,"Nucleus","https://www.uniprot.org/uniprotkb/Q6PJG6/entry"," 7",NA,"SRG","DEE"," 1"," 1"," 1",NA,"3","TRUE","3",NA,"0"
"SMC1A","Structural maintenance of chromosomes protein 1A","1233",NA,"Nucleus","https://www.uniprot.org/uniprotkb/Q14683/entry"," 7",NA,"DEEG","DEE"," 1"," 1"," 1",NA,"3","TRUE","3",NA,"0"
"SZT2","KICSTOR complex protein SZT2","3432",NA,"Cytoplasmic","https://www.uniprot.org/uniprotkb/Q5T011/entry"," 7",NA,"DEEG","DEE"," 1"," 1"," 1",NA,"3","TRUE","3",NA,"0"
"DOCK7","Dedicator of cytokinesis protein 7","2140",NA,"Cytoplasm","https://www.uniprot.org/uniprotkb/Q96N67/entry"," 6",NA,"DEEG","DEE"," 1"," 1"," 1"," 1","3","TRUE","3",NA,"0"
"FGF12","Fibroblast growth factor 12"," 243",NA,"Cytoplasmic","https://www.uniprot.org/uniprotkb/P61328/entry"," 5",NA,"DEEG","DEE"," 1"," 1"," 1"," 1","3","TRUE","3",NA,"0"
"GABBR2","Gamma-aminobutyric acid type B receptor subunit 2"," 941",NA,"Transmembrane","https://www.uniprot.org/uniprotkb/O75899/entry"," 5",NA,"DEEG","DEE"," 1"," 1"," 1",NA,"3","TRUE","3",NA,"0"
"SIK1","Serine/threonine-protein kinase SIK1"," 783",NA,"Cytoplasmic","https://www.uniprot.org/uniprotkb/P57059/entry"," 5",NA,"DEEG","DEE"," 1"," 1"," 1"," 1","3","TRUE","3",NA,"0"
"UBA5","Ubiquitin-like modifier-activating enzyme 5"," 404",NA,"Cytoplasmic","https://www.uniprot.org/uniprotkb/Q9GZZ9/entry"," 5",NA,"DEEG","DEE"," 1"," 1"," 1"," 1","3","TRUE","3",NA,"0"
"CAD","Multifunctional protein CAD","2225",NA,"Cytoplasm","https://www.uniprot.org/uniprotkb/P27708/entry"," 4",NA,"DEEG","DEE"," 1"," 1"," 1",NA,"3","TRUE","3",NA,"0"
"PACS2","Phosphofurin acidic cluster sorting protein 2"," 889",NA,"Unclear","https://www.uniprot.org/uniprotkb/Q86VP3/entry"," 4",NA,"DEEG","DEE"," 1"," 1"," 1",NA,"3","TRUE","3",NA,"0"
"RELN","Reelin","3460",NA,"Secreted","https://www.uniprot.org/uniprotkb/P78509/entry"," 4",NA,"CEG","Focal, MCD"," 1"," 1"," 1"," 1","3","TRUE","3",NA,"0"
"AARS1","Alanine--tRNA ligase, cytoplasmic"," 968",NA,"Cytoplasm","https://www.uniprot.org/uniprotkb/P49588/entry"," 3",NA,"DEEG","DEE"," 1"," 1"," 1",NA,"3","TRUE","3",NA,"0"
"DENND5A","DENN domain-containing protein 5A","1287",NA,"Cytoplasm","https://www.uniprot.org/uniprotkb/Q6IQ26/entry"," 3",NA,"DEEG","DEE"," 1"," 1"," 1",NA,"3","TRUE","3",NA,"0"
"DMXL2","DmX-like protein 2","3036",NA,"Cytoplasm","https://www.uniprot.org/uniprotkb/Q8TDJ6/entry"," 3",NA,"DEEG","DEE"," 1"," 1"," 1",NA,"3","TRUE","3",NA,"0"
"PPP3CA","Protein phosphatase 3 catalytic subunit alpha"," 521",NA,"Cyto-membrane","https://www.uniprot.org/uniprotkb/Q08209/entry"," 3",NA,"DEEG","DEE"," 1"," 1"," 1",NA,"3","TRUE","3",NA,"0"
"ACTL6B","NA",NA,NA,"NA","NA"," 2",NA,"DEEG","DEE"," 1"," 1"," 1",NA,"3","TRUE","3",NA,"0"
"ADAM22","Disintegrin and metalloproteinase domain-containing protein 22"," 906",NA,"transmembrane","https://www.uniprot.org/uniprotkb/Q9P0K1/entry"," 2",NA,"DEEG","DEE"," 1"," 1"," 1",NA,"3","TRUE","3",NA,"0"
"CDK19","NA",NA,NA,"NA","NA"," 2",NA,"DEEG","DEE"," 1"," 1"," 1",NA,"3","TRUE","3",NA,"0"
"CNPY3","NA",NA,NA,"NA","NA"," 2",NA,"DEEG","DEE"," 1"," 1"," 1",NA,"3","TRUE","3",NA,"0"
"CPLX1","NA",NA,NA,"NA","NA"," 2",NA,"DEEG","DEE"," 1"," 1"," 1",NA,"3","TRUE","3",NA,"0"
"CUX2","NA",NA,NA,"NA","NA"," 2",NA,"DEEG","GGE, DEE"," 1"," 1"," 1",NA,"3","TRUE","3",NA,"0"
"CYFIP2","NA",NA,NA,"NA","NA"," 2",NA,"DEEG","DEE"," 1"," 1"," 1",NA,"3","TRUE","3",NA,"0"
"GAD1","NA",NA,NA,"NA","NA"," 2",NA,"DEEG","DEE"," 1"," 1"," 1",NA,"3","TRUE","3",NA,"0"
"GLS","NA",NA,NA,"NA","NA"," 2",NA,"DEEG","DEE"," 1"," 1"," 1",NA,"3","TRUE","3",NA,"0"
"GOT2","NA",NA,NA,"NA","NA"," 2",NA,"DEEG","DEE"," 1"," 1"," 1",NA,"3","TRUE","3",NA,"0"
"GRIN2D","Glutamate receptor ionotropic, NMDA 2D","1336",NA,"Transmembrane","https://www.uniprot.org/uniprotkb/O15399/entry"," 2",NA,"DEEG","DEE"," 1"," 1"," 1"," 1","3","TRUE","3",NA,"0"
"KCNT2","Potassium channel subfamily T member 2","1135",NA,"Transmembrane","https://www.uniprot.org/uniprotkb/Q6UVM3/entry"," 2",NA,"DEEG","DEE"," 1"," 1"," 1",NA,"3","TRUE","3",NA,"0"
"MDH1","NA",NA,NA,"NA","NA"," 2",NA,"DEEG","DEE"," 1"," 1"," 1",NA,"3","TRUE","3",NA,"0"
"NACC1","NA",NA,NA,"NA","NA"," 2",NA,"SRG","DEE"," 1"," 1"," 1",NA,"3","TRUE","3",NA,"0"
"NEUROD2","Neurogenic differentiation factor 2",NA,NA,"Nucleus","https://www.uniprot.org/uniprotkb/Q15784/entry"," 2",NA,"DEEG","DEE"," 1"," 1"," 1",NA,"3","TRUE","3",NA,"0"
"NSF","NA",NA,NA,"NA","NA"," 2",NA,"DEEG","DEE"," 1"," 1"," 1",NA,"3","TRUE","3",NA,"0"
"PARS2","NA",NA,NA,"NA","NA"," 2",NA,"DEEG","DEE"," 1"," 1"," 1",NA,"3","TRUE","3",NA,"0"
"PHACTR1","NA",NA,NA,"NA","NA"," 2",NA,"DEEG","DEE"," 1"," 1"," 1",NA,"3","TRUE","3",NA,"0"
"PIGB","NA",NA,NA,"NA","NA"," 2",NA,"DEEG","DEE"," 1"," 1"," 1",NA,"3","TRUE","3",NA,"0"
"RHOBTB2","NA",NA,NA,"NA","NA"," 2",NA,"DEEG","DEE"," 1"," 1"," 1",NA,"3","TRUE","3",NA,"0"
"RNF13","NA",NA,NA,"NA","NA"," 2",NA,"DEEG","DEE"," 1"," 1"," 1",NA,"3","TRUE","3",NA,"0"
"STRADA","NA",NA,NA,"NA","NA"," 2",NA,"SRG","DEE, MCD"," 1"," 1"," 1"," 1","3","TRUE","3",NA,"0"
"TRAK1","NA",NA,NA,"NA","NA"," 2",NA,"DEEG","DEE"," 1"," 1"," 1",NA,"3","TRUE","3",NA,"0"
"CERS1","NA",NA,NA,"NA","NA"," 1",NA,"CEG","PME"," 1"," 1"," 1"," 1","3","TRUE","3",NA,"0"
"HACE1","NA",NA,NA,"NA","NA"," 1",NA,"SRG","DEE"," 1"," 1"," 1",NA,"3","TRUE","3",NA,"0"
"OTUD6B","NA",NA,NA,"NA","NA"," 1",NA,"SRG","DEE"," 1"," 1"," 1",NA,"3","TRUE","3",NA,"0"
"ATP6V0A1","V-type proton ATPase 116 kDa subunit a 1"," 837",NA,"transmembrane","https://www.uniprot.org/uniprotkb/Q93050/entry",NA,NA,"DEEG & SRG","DEE, PME"," 1"," 1"," 1",NA,"3","TRUE","3",NA,"0"
"ATP6V1A","V-type proton ATPase catalytic subunit A"," 617",NA,"cyto-membrane","https://www.uniprot.org/uniprotkb/P38606/entry",NA,NA,"DEEG","DEE"," 1"," 1"," 1",NA,"3","TRUE","3",NA,"0"
"CELF2",NA,NA,NA,NA,NA,NA,NA,"DEEG","DEE"," 1"," 1"," 1",NA,"3","TRUE","3",NA,"0"
"FBXO28",NA,NA,NA,NA,NA,NA,NA,"DEEG","DEE, PME"," 1"," 1"," 1",NA,"3","TRUE","3",NA,"0"
"FGF13",NA,NA,NA,NA,NA,NA,NA,"DEEG","DEE"," 1"," 1"," 1",NA,"3","TRUE","3",NA,"0"
"HID1",NA,NA,NA,NA,NA,NA,NA,"DEEG","DEE"," 1"," 1"," 1",NA,"3","TRUE","3",NA,"0"
"KCNC2","Voltage-gated potassium channel KCNC2"," 638",NA,"transmembrane","https://www.uniprot.org/uniprotkb/Q96PR1/entry",NA,NA,"DEEG","GGE, DEE"," 1"," 1"," 1",NA,"3","TRUE","3",NA,"0"
"MARCHF6",NA,NA,NA,NA,NA,NA,NA,"CEG","PME"," 1"," 1"," 1",NA,"3","TRUE","3",NA,"0"
"MAST3",NA,NA,NA,NA,NA,NA,NA,"DEEG","DEE, MCD"," 1"," 1"," 1",NA,"3","TRUE","3",NA,"0"
"NAPB",NA,NA,NA,NA,NA,NA,NA,"DEEG","DEE"," 1"," 1"," 1",NA,"3","TRUE","3",NA,"0"
"PIGP","Phosphatidylinositol N-acetylglucosaminyltransferase subunit P"," 158",NA,"transmembrane","https://www.uniprot.org/uniprotkb/P57054/entry",NA,NA,"DEEG","DEE"," 1"," 1"," 1",NA,"3","TRUE","3",NA,"0"
"PRDM8",NA,NA,NA,NA,NA,NA,NA,"CEG","PME"," 1"," 1"," 1"," 1","3","TRUE","3",NA,"0"
"RAPGEF2",NA,NA,NA,NA,NA,NA,NA,"CEG","PME"," 1"," 1"," 1",NA,"3","TRUE","3",NA,"0"
"SAMD12",NA,NA,NA,NA,NA,NA,NA,"CEG","PME"," 1"," 1"," 1",NA,"3","TRUE","3",NA,"0"
"SEMA6B",NA,NA,NA,NA,NA,NA,NA,"CEG","DEE, PME"," 1"," 1"," 1",NA,"3","TRUE","3",NA,"0"
"SLC7A6OS",NA,NA,NA,NA,NA,NA,NA,"CEG","PME"," 1"," 1"," 1",NA,"3","TRUE","3",NA,"0"
"STARD7",NA,NA,NA,NA,NA,NA,NA,"CEG","PME"," 1"," 1"," 1",NA,"3","TRUE","3",NA,"0"
"TNRC6A",NA,NA,NA,NA,NA,NA,NA,"CEG","PME"," 1"," 1"," 1",NA,"3","TRUE","3",NA,"0"
"UFSP2",NA,NA,NA,NA,NA,NA,NA,"DEEG","DEE"," 1"," 1"," 1",NA,"3","TRUE","3",NA,"0"
"YEATS2",NA,NA,NA,NA,NA,NA,NA,"CEG","PME"," 1"," 1"," 1",NA,"3","TRUE","3",NA,"0"
"ZEB2","Zinc finger E-box-binding homeobox 2","1214",NA,"Nucleus","https://www.uniprot.org/uniprotkb/O60315/entry"," 9",NA,NA,NA,NA," 1"," 1",NA,"2","TRUE","2",NA,"0"
"FOXG1","Forkhead box protein G1"," 489",NA,"Nucleus","https://www.uniprot.org/uniprotkb/P55316/entry"," 7",NA,NA,NA,NA," 1"," 1",NA,"2","TRUE","2",NA,"0"
"POLG","DNA polymerase subunit gamma-1","1239",NA,"Nucleus","https://www.uniprot.org/uniprotkb/P54098/entry"," 9",NA,NA,NA,NA,NA," 1",NA,"1","TRUE","1",NA,"0"
"DYRK1A","Dual specificity tyrosine-phosphorylation-regulated kinase"," 763",NA,"Nucleus","https://www.uniprot.org/uniprotkb/Q13627/entry"," 8",NA,NA,NA,NA,NA," 1",NA,"1","TRUE","1",NA,"0"
"MBD5","Methyl-CpG-binding domain protein 5","1494",NA,"Nucleus","https://www.uniprot.org/uniprotkb/Q9P267/entry"," 8",NA,NA,NA,NA,NA," 1",NA,"1","TRUE","1",NA,"0"
"SYNGAP1","Ras/Rap GTPase-activating protein SynGAP","1343",NA,"Cytoplasm","https://www.uniprot.org/uniprotkb/Q96PV0/entry"," 8",NA,NA,NA,NA,NA," 1",NA,"1","TRUE","1",NA,"0"
"TSC1","Hamartin","1164",NA,"Cytoplasmic","https://www.uniprot.org/uniprotkb/Q92574/entry"," 8",NA,NA,NA,NA,NA," 1"," 1","1","TRUE","1",NA,"0"
"TSC2","Tuberin","1807",NA,"Cytoplasmic","https://www.uniprot.org/uniprotkb/P49815/entry"," 8",NA,NA,NA,NA,NA," 1"," 1","1","TRUE","1",NA,"0"
"FLNA","Filamin-A","2647",NA,"Cytoplasm","https://www.uniprot.org/uniprotkb/P21333/entry"," 7",NA,NA,NA,NA,NA," 1"," 1","1","TRUE","1",NA,"0"
"GLDC","Glycine dehydrogenase (decarboxylating), mitochondrial","1020",NA,"Mitochondrial","https://www.uniprot.org/uniprotkb/P23378/entry"," 7",NA,NA,NA,NA,NA," 1",NA,"1","TRUE","1",NA,"0"
"UBE3A","Ubiquitin-protein ligase E3A"," 875",NA,"Cytoplasm","https://www.uniprot.org/uniprotkb/Q05086/entry"," 7",NA,NA,NA,NA,NA," 1",NA,"1","TRUE","1",NA,"0"
"KCNH2","Potassium voltage-gated channel subfamily H member 2","1159","1715","Transmembrane","https://www.uniprot.org/uniprotkb/Q12809/entry"," 2","1.48",NA,NA,NA,NA,NA," 1","0","FALSE","0","L136C_ebc_minAttB_KCNH2_IRES-mCherry-P2A-PuroR_[BsaI_SapI_clean]","1"
"SCN5A","Sodium channel protein type 5 subunit alpha","2016","2224","Transmembrane","https://www.uniprot.org/uniprotkb/Q14524/entry"," 3","1.10",NA,NA,NA,NA,NA," 1","0","FALSE","0","L117C_ebc_minAttB_SCN5A_IRES-mCherry-P2A-PuroR_[BsaImut1Amp2Puro]","1"
"KCNH1","Potassium voltage-gated channel subfamily H member 1"," 989"," 363","Transmembrane","https://www.uniprot.org/uniprotkb/O95259/entry"," 4","0.37",NA,NA,NA,NA," 1",NA,"1","FALSE","1","L098A_ebc_minAttB_KCNH1_IRES-mCherry-P2A-PuroR_[BsaImut1Amp2Puro]","1"
"CACNA2D2","Voltage-dependent calcium channel subunit alpha-2/delta-2","1150"," 403","Transmembrane","https://www.uniprot.org/uniprotkb/Q9NY47/entry"," 5","0.35","SRG","DEE, PME"," 1",NA," 1",NA,"2","FALSE","2","L083C_ebc_minAttB_CACNA2D2_IRES-miRFP670-P2A-PuroR_[BsaImut1Amp2Puro]","1"
"LARGE1","Xylosyl- and glucuronyltransferase LARGE1"," 756"," 266","Transmembrane","https://www.uniprot.org/uniprotkb/O95461/entry"," 4","0.35",NA,NA,NA,NA," 1",NA,"1","FALSE","1","L133C_ebc_minAttB_LARGE1_IRES-mCherry-P2A-PuroR_[BsaI_SapI_clean]","1"
"PIGV","GPI mannosyltransferase 2"," 493"," 164","Transmembrane","https://www.uniprot.org/uniprotkb/Q9NUD9/entry"," 5","0.33",NA,NA,NA,NA," 1",NA,"1","FALSE","1","L156A_ebc_minAttB_PIGV_IRES-mCherry-P2A-PuroR_[BsaI_SapI_clean]","1"
"SLC9A6","Sodium/hydrogen exchanger 6"," 701"," 208","Transmembrane","https://www.uniprot.org/uniprotkb/Q92581/entry"," 6","0.30",NA,NA,NA,NA," 1",NA,"1","FALSE","1","L097B_ebc_minAttB_SLC9A6_IRES-mCherry-P2A-PuroR_[BsaImut1Amp2Puro]","1"
"CPA6","Carboxypeptidase A6"," 437"," 126","Secreted","https://www.uniprot.org/uniprotkb/Q8N4T0/entry"," 5","0.29",NA,NA,NA," 1",NA," 1","1","FALSE","1","L151B_ebc_minAttB_CPA6_IRES-mCherry-P2A-PuroR_[BsaI_SapI_clean]","1"
"ADGRG1","Adhesion G-protein coupled receptor G1"," 693"," 196","Transmembrane","https://www.uniprot.org/uniprotkb/Q9Y653/entry"," 5","0.28",NA,NA,NA,NA," 1",NA,"1","FALSE","1","L135C_ebc_minAttB_ADGRG1_IRES-mCherry-P2A-PuroR_[BsaI_SapI_clean]","1"
"SLC25A19","Mitochondrial thiamine pyrophosphate carrier"," 320","  76","Mito-Mem","https://www.uniprot.org/uniprotkb/Q9HC21/entry"," 3","0.24",NA,NA,NA,NA,NA,NA,"0","FALSE","0","L116C_ebc_minAttB_SLC25A19_IRES-mCherry-P2A-PuroR_[BsaImut1Amp2Puro]","1"
"SLC1A4","Neutral amino acid transporter A"," 532"," 107","Transmembrane","https://www.uniprot.org/uniprotkb/P43007/entry"," 2","0.20",NA,NA,NA,NA," 1",NA,"1","FALSE","1","L106B_ebc_minAttB_SLC1A4_IRES-mCherry-P2A-PuroR_[BsaI_SapI_clean]","1"
"CACNB4","Voltage-dependent L-type calcium channel subunit beta-4"," 520"," 102","Transmembrane","https://www.uniprot.org/uniprotkb/O00305/entry"," 4","0.20",NA,NA,NA,NA,NA," 1","0","FALSE","0","L099B_ebc_minAttB_CACNB4_IRES-mCherry-P2A-PuroR_[BsaImut1Amp2Puro]","1"
"CACNA1I","Voltage-dependent T-type calcium channel subunit alpha-1I","2223"," 230","Transmembrane","https://www.uniprot.org/uniprotkb/Q9P0X4/entry"," 1","0.10","SRG","DEE"," 1",NA," 1",NA,"2","FALSE","2","L070A_ebc_minAttB_CACNA1I_IRES-miRFP670-P2A-PuroR_[BsaImut1Amp2Puro]","1"
"SLC4A10","Sodium-driven chloride bicarbonate exchanger","1118","  74","Transmembrane","https://www.uniprot.org/uniprotkb/Q6U841/entry"," 2","0.07",NA,NA,NA,NA," 1",NA,"1","FALSE","1","L109A_ebc_minAttB_SLC4A10_IRES-mCherry-P2A-PuroR_[BsaImut1Amp2Puro]","1"
"CSN3","Kappa-casein"," 182","  24","Secreted","https://www.uniprot.org/uniprotkb/P07498/entry",NA,"0.13",NA,NA,NA,NA,NA,NA,"0",NA,"0","L162C_ebc_minAttB_Kappa-casein_IRES-mCherry-P2A-PuroR","1"
"CLCN3","H(+)/Cl(-) exchange transporter 3"," 818","  88","Transmembrane","https://www.uniprot.org/uniprotkb/P51790/entry",NA,"0.11","SRG","DEE"," 1",NA," 1",NA,"2",NA,"2","L077C_ebc_minAttB_CLCN3_IRES-miRFP670-P2A-PuroR_[BsaImut1Amp2Puro]","1"
