Header,GATCTGGTCCTCTGATCCGA,TCGGATCAGAGGACCAGATC,CTATCGGTAACGCATTCGCC,GGCGAATGCGTTACCGATAG,CTAGGGATAACAGGGTAATG,CATTACCCTGTTATCCCTAG
@0_QJNXN2_5,0,0,0,0,0,1
@1_QJNXN2_5,0,0,0,0,0,1
@2_QJNXN2_5,0,0,0,0,0,0
@3_QJNXN2_5,0,0,0,0,0,1
@4_QJNXN2_5,0,0,0,0,0,1
@5_QJNXN2_5,0,0,0,0,1,0
@6_QJNXN2_5,0,0,0,0,0,0
@7_QJNXN2_5,0,0,0,0,1,0
@8_QJNXN2_5,0,0,0,0,0,0
@9_QJNXN2_5,0,0,0,0,0,1
@10_QJNXN2_5,0,0,0,0,1,0
@11_QJNXN2_5,0,0,0,0,1,0
@12_QJNXN2_5,0,0,0,0,0,1
@13_QJNXN2_5,0,0,0,0,1,0
@14_QJNXN2_5,0,0,0,0,0,0
@15_QJNXN2_5,0,0,0,0,0,0
@16_QJNXN2_5,0,0,0,0,0,1
@17_QJNXN2_5,0,0,0,0,0,1
@18_QJNXN2_5,0,0,0,0,1,0
@19_QJNXN2_5,0,0,0,0,1,0
@20_QJNXN2_5,0,0,0,0,0,1
@21_QJNXN2_5,0,0,0,0,1,0
@22_QJNXN2_5,1,0,1,0,0,0
@23_QJNXN2_5,0,0,0,0,0,1
@24_QJNXN2_5,0,0,0,0,0,1
@25_QJNXN2_5,0,0,0,0,0,1
@26_QJNXN2_5,0,0,0,0,0,2
@27_QJNXN2_5,1,0,1,0,0,0
@28_QJNXN2_5,0,0,0,0,0,1
@29_QJNXN2_5,0,0,0,0,2,0
@30_QJNXN2_5,0,0,0,0,1,0
@31_QJNXN2_5,0,0,0,0,1,0
@32_QJNXN2_5,0,0,0,0,0,1
@33_QJNXN2_5,0,0,0,1,0,0
@34_QJNXN2_5,0,0,0,0,1,0
@35_QJNXN2_5,0,0,0,0,0,1
@36_QJNXN2_5,0,0,0,0,0,1
@37_QJNXN2_5,0,0,0,0,1,0
@38_QJNXN2_5,1,0,1,0,0,0
@39_QJNXN2_5,0,0,0,0,0,1
@40_QJNXN2_5,0,0,0,0,0,1
@41_QJNXN2_5,0,0,0,0,1,0
@42_QJNXN2_5,0,0,0,0,1,0
@43_QJNXN2_5,0,0,0,0,0,1
@44_QJNXN2_5,0,0,0,0,0,1
@45_QJNXN2_5,0,0,0,0,0,1
@46_QJNXN2_5,0,0,0,0,0,1
@47_QJNXN2_5,0,0,0,0,0,0
@48_QJNXN2_5,0,0,0,0,1,0
@49_QJNXN2_5,0,0,0,0,0,1
@50_QJNXN2_5,0,0,0,0,0,0
@51_QJNXN2_5,0,0,0,0,0,1
@52_QJNXN2_5,0,0,0,0,0,0
@53_QJNXN2_5,0,0,0,0,0,1
@54_QJNXN2_5,0,0,0,0,1,0
@55_QJNXN2_5,0,0,0,0,0,0
@56_QJNXN2_5,0,0,0,0,1,0
@57_QJNXN2_5,0,0,0,0,0,1
@58_QJNXN2_5,0,0,0,0,1,0
@59_QJNXN2_5,0,0,0,0,0,1
@60_QJNXN2_5,0,0,0,0,1,0
@61_QJNXN2_5,0,0,0,0,0,1
@62_QJNXN2_5,0,0,0,0,0,1
@63_QJNXN2_5,0,0,0,0,1,0
@64_QJNXN2_5,1,0,1,0,0,0
@65_QJNXN2_5,0,0,0,0,1,0
@66_QJNXN2_5,0,0,0,0,2,0
@67_QJNXN2_5,0,0,0,0,1,0
@68_QJNXN2_5,0,0,0,0,0,0
@69_QJNXN2_5,0,0,0,0,1,0
@70_QJNXN2_5,0,0,0,0,0,1
@71_QJNXN2_5,0,0,0,0,0,1
@72_QJNXN2_5,1,0,0,0,0,0
@73_QJNXN2_5,0,0,0,0,1,0
@74_QJNXN2_5,0,0,0,0,1,0
@75_QJNXN2_5,1,0,1,0,0,0
@76_QJNXN2_5,0,0,0,0,0,1
@77_QJNXN2_5,0,0,0,0,0,1
@78_QJNXN2_5,0,0,0,0,1,0
@79_QJNXN2_5,0,0,0,0,0,1
@80_QJNXN2_5,0,0,0,0,0,1
@81_QJNXN2_5,0,0,0,0,1,0
@82_QJNXN2_5,0,0,0,0,1,0
@83_QJNXN2_5,0,0,0,0,0,0
@84_QJNXN2_5,0,0,0,0,0,0
@85_QJNXN2_5,0,0,0,1,0,0
@86_QJNXN2_5,0,0,0,0,1,0
@87_QJNXN2_5,0,0,0,0,1,0
@88_QJNXN2_5,0,0,0,0,0,1
@89_QJNXN2_5,0,0,0,0,0,1
@90_QJNXN2_5,0,0,0,0,1,0
@91_QJNXN2_5,0,0,0,0,0,1
@92_QJNXN2_5,0,0,0,0,0,0
@93_QJNXN2_5,0,0,0,0,0,0
@94_QJNXN2_5,0,0,0,0,0,1
@95_QJNXN2_5,0,0,0,0,0,1
@96_QJNXN2_5,0,0,0,0,0,1
@97_QJNXN2_5,0,0,0,0,0,1
@98_QJNXN2_5,0,0,0,0,1,0
@99_QJNXN2_5,0,0,0,0,0,0
@100_QJNXN2_5,0,0,0,0,0,1
@101_QJNXN2_5,0,0,0,0,0,1
@102_QJNXN2_5,0,0,0,0,0,1
@103_QJNXN2_5,0,0,0,0,1,0
@104_QJNXN2_5,0,0,0,0,0,1
@105_QJNXN2_5,0,0,0,0,1,0
@106_QJNXN2_5,0,0,0,0,0,1
@107_QJNXN2_5,1,0,1,0,0,0
@108_QJNXN2_5,0,0,0,0,1,0
@109_QJNXN2_5,0,0,0,0,1,0
@110_QJNXN2_5,0,0,0,0,1,0
@111_QJNXN2_5,0,0,0,0,1,0
@112_QJNXN2_5,0,1,0,1,0,0
@113_QJNXN2_5,0,0,0,0,0,1
@114_QJNXN2_5,0,0,0,0,0,0
@115_QJNXN2_5,0,0,0,0,1,0
@116_QJNXN2_5,0,0,0,0,0,1
@117_QJNXN2_5,0,0,0,0,1,0
@118_QJNXN2_5,0,0,0,0,1,0
@119_QJNXN2_5,0,0,0,0,1,0
@120_QJNXN2_5,0,0,0,0,0,1
@121_QJNXN2_5,1,0,1,0,0,0
@122_QJNXN2_5,0,0,0,0,0,1
@123_QJNXN2_5,0,0,0,0,1,0
@124_QJNXN2_5,0,0,0,0,1,0
@125_QJNXN2_5,0,0,0,0,1,0
@126_QJNXN2_5,0,0,0,0,0,1
@127_QJNXN2_5,0,0,0,0,0,1
@128_QJNXN2_5,0,0,0,0,0,1
@129_QJNXN2_5,0,0,0,0,0,0
@130_QJNXN2_5,1,0,1,0,0,0
@131_QJNXN2_5,0,0,0,0,0,0
@132_QJNXN2_5,0,0,0,0,0,0
@133_QJNXN2_5,0,0,0,0,0,1
@134_QJNXN2_5,0,0,0,0,0,0
@135_QJNXN2_5,0,0,0,0,1,0
@136_QJNXN2_5,0,0,0,0,0,0
@137_QJNXN2_5,0,0,0,0,0,1
@138_QJNXN2_5,0,0,0,0,1,0
@139_QJNXN2_5,0,0,0,0,1,0
@140_QJNXN2_5,0,1,0,1,0,0
@141_QJNXN2_5,0,0,0,0,1,0
@142_QJNXN2_5,0,0,0,0,0,0
@143_QJNXN2_5,0,0,0,0,1,0
@144_QJNXN2_5,0,0,0,0,1,0
@145_QJNXN2_5,0,0,0,0,0,0
@146_QJNXN2_5,0,0,0,0,0,1
@147_QJNXN2_5,0,0,0,0,1,0
@148_QJNXN2_5,0,0,0,0,1,0
@149_QJNXN2_5,0,0,0,0,1,0
@150_QJNXN2_5,0,0,0,0,1,0
@151_QJNXN2_5,0,0,0,0,1,0
@152_QJNXN2_5,0,0,0,0,1,0
@153_QJNXN2_5,0,0,0,0,1,0
@154_QJNXN2_5,0,0,0,0,2,0
@155_QJNXN2_5,0,0,0,0,0,1
@156_QJNXN2_5,0,0,0,0,1,0
@157_QJNXN2_5,0,0,0,0,0,1
@158_QJNXN2_5,0,0,0,0,0,1
@159_QJNXN2_5,0,0,0,0,0,1
@160_QJNXN2_5,0,0,0,0,1,0
@161_QJNXN2_5,0,0,0,0,1,0
@162_QJNXN2_5,0,0,0,0,0,1
@163_QJNXN2_5,0,0,0,0,0,1
@164_QJNXN2_5,0,0,0,0,0,1
@165_QJNXN2_5,0,0,0,0,1,0
@166_QJNXN2_5,0,0,0,0,0,0
@167_QJNXN2_5,0,0,0,0,0,0
@168_QJNXN2_5,0,0,0,0,0,1
@169_QJNXN2_5,0,0,0,0,0,1
@170_QJNXN2_5,0,0,0,0,1,0
@171_QJNXN2_5,0,0,0,0,1,0
@172_QJNXN2_5,0,0,0,0,0,1
@173_QJNXN2_5,0,0,0,0,0,1
@174_QJNXN2_5,0,0,0,0,0,1
@175_QJNXN2_5,0,0,0,0,1,0
@176_QJNXN2_5,0,0,0,0,0,0
@177_QJNXN2_5,0,0,0,0,1,0
@178_QJNXN2_5,0,0,0,0,0,1
@179_QJNXN2_5,0,0,0,0,0,1
@180_QJNXN2_5,0,0,0,0,1,0
@181_QJNXN2_5,0,0,0,0,1,0
@182_QJNXN2_5,0,0,0,0,0,1
@183_QJNXN2_5,0,0,0,0,1,0
@184_QJNXN2_5,0,0,0,0,1,0
@185_QJNXN2_5,0,0,0,0,1,0
@186_QJNXN2_5,0,0,0,0,1,0
@187_QJNXN2_5,0,0,0,0,0,0
@188_QJNXN2_5,0,0,0,0,0,1
@189_QJNXN2_5,0,0,0,0,0,1
@190_QJNXN2_5,0,0,0,0,1,0
@191_QJNXN2_5,0,0,0,0,1,0
@192_QJNXN2_5,0,0,0,0,0,1
@193_QJNXN2_5,1,0,0,0,0,0
@194_QJNXN2_5,0,0,0,0,1,0
@195_QJNXN2_5,0,0,0,0,0,1
@196_QJNXN2_5,0,0,0,0,1,0
@197_QJNXN2_5,0,0,0,0,2,0
@198_QJNXN2_5,0,0,0,0,0,1
@199_QJNXN2_5,0,0,0,0,0,0
@200_QJNXN2_5,0,0,0,0,1,0
@201_QJNXN2_5,0,0,0,0,1,0
@202_QJNXN2_5,0,0,0,0,0,0
@203_QJNXN2_5,0,0,0,0,1,0
@204_QJNXN2_5,0,0,0,0,0,0
@205_QJNXN2_5,0,0,0,0,0,2
@206_QJNXN2_5,0,0,0,0,0,1
@207_QJNXN2_5,0,0,0,0,0,1
@208_QJNXN2_5,0,0,0,0,1,0
@209_QJNXN2_5,0,0,0,0,0,1
@210_QJNXN2_5,0,0,0,0,0,2
@211_QJNXN2_5,0,0,0,0,0,1
@212_QJNXN2_5,0,0,0,0,1,0
@213_QJNXN2_5,0,0,0,0,0,1
@214_QJNXN2_5,0,0,0,0,0,1
@215_QJNXN2_5,0,0,0,0,1,0
@216_QJNXN2_5,0,0,0,0,1,0
@217_QJNXN2_5,0,0,0,0,1,0
@218_QJNXN2_5,0,0,0,0,0,0
@219_QJNXN2_5,0,0,0,0,1,0
@220_QJNXN2_5,0,0,0,0,1,0
@221_QJNXN2_5,0,0,1,0,0,0
@222_QJNXN2_5,0,0,0,0,1,0
@223_QJNXN2_5,0,0,0,0,2,0
@224_QJNXN2_5,0,0,0,0,0,1
@225_QJNXN2_5,0,0,0,0,0,1
@226_QJNXN2_5,0,0,0,0,2,0
@227_QJNXN2_5,0,0,0,0,1,0
@228_QJNXN2_5,0,0,0,0,0,1
@229_QJNXN2_5,0,0,0,0,1,0
@230_QJNXN2_5,0,0,0,0,0,0
@231_QJNXN2_5,0,1,0,1,0,0
@232_QJNXN2_5,0,1,0,1,0,0
@233_QJNXN2_5,0,0,0,0,0,1
@234_QJNXN2_5,0,0,0,0,0,2
@235_QJNXN2_5,0,0,0,0,0,1
@236_QJNXN2_5,0,0,0,0,1,0
@237_QJNXN2_5,0,0,0,0,1,0
@238_QJNXN2_5,0,0,0,0,0,1
@239_QJNXN2_5,0,0,0,0,1,0
@240_QJNXN2_5,0,0,0,0,0,1
@241_QJNXN2_5,0,0,0,0,1,0
@242_QJNXN2_5,0,0,0,0,0,0
@243_QJNXN2_5,0,0,0,0,1,0
@244_QJNXN2_5,0,0,0,0,1,0
@245_QJNXN2_5,0,0,0,0,1,0
@246_QJNXN2_5,0,0,0,0,1,0
@247_QJNXN2_5,0,0,0,0,0,0
@248_QJNXN2_5,0,1,0,1,0,1
@249_QJNXN2_5,0,0,0,0,0,1
@250_QJNXN2_5,0,0,0,0,0,1
@251_QJNXN2_5,0,0,0,0,0,2
@252_QJNXN2_5,0,0,0,0,0,0
@253_QJNXN2_5,0,0,0,0,1,0
@254_QJNXN2_5,0,0,0,0,0,1
@255_QJNXN2_5,0,0,0,0,0,1
@256_QJNXN2_5,0,0,0,0,1,0
@257_QJNXN2_5,0,0,0,0,1,0
@258_QJNXN2_5,0,1,0,1,0,0
@259_QJNXN2_5,0,0,0,0,1,0
@260_QJNXN2_5,0,0,0,0,0,1
@261_QJNXN2_5,0,0,0,0,0,1
@262_QJNXN2_5,0,0,0,0,1,0
@263_QJNXN2_5,0,0,0,0,1,0
@264_QJNXN2_5,1,0,1,0,0,0
@265_QJNXN2_5,0,1,0,1,0,0
@266_QJNXN2_5,0,0,0,0,0,1
@267_QJNXN2_5,0,0,0,0,0,0
@268_QJNXN2_5,0,0,0,0,0,1
@269_QJNXN2_5,0,0,0,0,1,0
@270_QJNXN2_5,1,0,1,0,0,0
@271_QJNXN2_5,0,0,0,0,1,0
@272_QJNXN2_5,0,0,0,0,1,0
@273_QJNXN2_5,0,0,0,0,0,1
@274_QJNXN2_5,0,0,0,0,2,0
@275_QJNXN2_5,0,0,0,0,0,1
@276_QJNXN2_5,0,0,0,0,0,0
@277_QJNXN2_5,0,0,0,0,0,1
@278_QJNXN2_5,0,0,0,0,1,0
@279_QJNXN2_5,0,0,0,0,0,1
@280_QJNXN2_5,0,0,0,0,2,0
@281_QJNXN2_5,0,0,0,0,0,0
@282_QJNXN2_5,0,0,0,0,0,1
@283_QJNXN2_5,0,0,0,0,0,0
@284_QJNXN2_5,0,0,0,0,0,2
@285_QJNXN2_5,0,0,0,0,0,1
@286_QJNXN2_5,0,0,0,0,1,0
@287_QJNXN2_5,0,0,0,0,0,1
@288_QJNXN2_5,0,0,0,0,0,1
@289_QJNXN2_5,0,0,0,0,1,0
@290_QJNXN2_5,0,0,0,0,0,0
@291_QJNXN2_5,0,0,0,0,0,1
@292_QJNXN2_5,0,0,0,0,1,0
@293_QJNXN2_5,0,0,0,0,1,0
@294_QJNXN2_5,0,0,0,0,1,0
@295_QJNXN2_5,0,0,0,0,0,1
@296_QJNXN2_5,0,0,0,0,1,0
@297_QJNXN2_5,0,0,0,0,0,2
@298_QJNXN2_5,0,0,0,0,0,1
@299_QJNXN2_5,0,0,0,0,1,0
@300_QJNXN2_5,0,0,0,0,0,2
@301_QJNXN2_5,0,0,0,0,0,1
@302_QJNXN2_5,0,0,0,0,0,0
@303_QJNXN2_5,0,0,0,0,0,1
@304_QJNXN2_5,0,0,0,0,1,0
@305_QJNXN2_5,0,0,0,0,0,1
@306_QJNXN2_5,0,0,0,0,0,1
@307_QJNXN2_5,0,0,0,0,1,0
@308_QJNXN2_5,0,0,0,0,0,0
@309_QJNXN2_5,0,0,0,0,1,0
@310_QJNXN2_5,0,0,0,0,0,0
@311_QJNXN2_5,0,0,0,0,1,0
@312_QJNXN2_5,0,0,0,0,1,0
@313_QJNXN2_5,0,0,0,0,2,0
@314_QJNXN2_5,0,0,0,0,0,1
@315_QJNXN2_5,0,0,0,0,1,0
@316_QJNXN2_5,0,0,0,0,0,1
@317_QJNXN2_5,0,0,0,0,0,2
@318_QJNXN2_5,0,0,0,0,0,0
@319_QJNXN2_5,0,1,0,1,0,1
@320_QJNXN2_5,0,0,0,0,0,1
@321_QJNXN2_5,0,0,0,0,0,0
@322_QJNXN2_5,0,0,0,0,2,0
@323_QJNXN2_5,0,1,0,1,0,2
@324_QJNXN2_5,0,0,0,0,1,0
@325_QJNXN2_5,0,0,0,0,1,0
@326_QJNXN2_5,0,0,0,0,0,1
@327_QJNXN2_5,0,0,0,0,1,0
@328_QJNXN2_5,0,0,0,0,0,1
@329_QJNXN2_5,0,0,0,0,2,0
@330_QJNXN2_5,0,0,0,0,0,0
@331_QJNXN2_5,0,0,0,0,1,0
@332_QJNXN2_5,0,0,0,0,0,1
@333_QJNXN2_5,0,0,0,0,1,0
@334_QJNXN2_5,0,0,0,0,0,2
@335_QJNXN2_5,0,0,0,0,0,1
@336_QJNXN2_5,0,0,0,0,1,0
@337_QJNXN2_5,0,0,0,0,1,0
@338_QJNXN2_5,0,0,0,0,1,0
@339_QJNXN2_5,0,0,0,0,1,0
@340_QJNXN2_5,0,0,0,0,0,1
@341_QJNXN2_5,0,0,0,0,0,0
@342_QJNXN2_5,0,0,0,0,0,1
@343_QJNXN2_5,0,0,0,0,0,0
@344_QJNXN2_5,0,0,0,0,0,1
@345_QJNXN2_5,0,0,0,0,0,1
@346_QJNXN2_5,0,0,0,0,0,0
@347_QJNXN2_5,0,0,0,0,1,0
@348_QJNXN2_5,0,0,0,0,1,0
@349_QJNXN2_5,0,0,0,0,0,2
@350_QJNXN2_5,0,0,0,0,0,0
@351_QJNXN2_5,0,0,0,0,0,0
@352_QJNXN2_5,0,0,0,0,0,0
@353_QJNXN2_5,0,0,0,0,0,0
@354_QJNXN2_5,0,0,0,0,0,0
@355_QJNXN2_5,0,0,0,0,1,0
@356_QJNXN2_5,0,0,0,0,1,0
@357_QJNXN2_5,0,0,0,0,2,0
@358_QJNXN2_5,0,0,0,0,0,1
@359_QJNXN2_5,0,0,0,0,0,1
@360_QJNXN2_5,0,0,0,0,0,1
@361_QJNXN2_5,0,0,0,0,1,0
@362_QJNXN2_5,0,0,0,0,0,1
@363_QJNXN2_5,0,0,0,0,0,2
@364_QJNXN2_5,0,0,0,0,0,1
@365_QJNXN2_5,0,0,0,0,1,0
@366_QJNXN2_5,0,0,0,0,0,2
@367_QJNXN2_5,0,0,0,0,0,1
@368_QJNXN2_5,0,0,0,0,1,0
@369_QJNXN2_5,0,0,0,0,1,0
@370_QJNXN2_5,0,0,0,0,1,0
@371_QJNXN2_5,0,0,0,0,0,0
@372_QJNXN2_5,0,0,0,0,0,1
@373_QJNXN2_5,0,0,0,0,0,0
@374_QJNXN2_5,0,0,0,0,0,1
@375_QJNXN2_5,0,0,0,0,0,1
@376_QJNXN2_5,0,0,0,0,1,0
@377_QJNXN2_5,0,0,0,0,0,1
@378_QJNXN2_5,0,0,0,0,0,2
@379_QJNXN2_5,1,0,1,0,0,0
@380_QJNXN2_5,0,0,0,0,0,0
@381_QJNXN2_5,0,0,0,0,0,1
@382_QJNXN2_5,0,0,0,0,0,1
@383_QJNXN2_5,0,0,0,0,1,0
@384_QJNXN2_5,0,0,0,0,0,1
@385_QJNXN2_5,0,0,0,0,0,1
@386_QJNXN2_5,1,0,1,0,0,0
@387_QJNXN2_5,0,0,0,0,1,0
@388_QJNXN2_5,0,0,0,0,1,0
@389_QJNXN2_5,1,0,1,0,1,0
@390_QJNXN2_5,0,0,0,0,0,0
@391_QJNXN2_5,0,0,0,0,1,0
@392_QJNXN2_5,0,0,0,0,1,0
@393_QJNXN2_5,0,1,0,1,0,0
@394_QJNXN2_5,0,1,0,1,0,0
@395_QJNXN2_5,0,0,0,0,0,1
@396_QJNXN2_5,0,0,0,0,0,0
@397_QJNXN2_5,0,0,0,0,1,0
@398_QJNXN2_5,0,0,0,0,1,0
@399_QJNXN2_5,0,0,0,0,0,1
@400_QJNXN2_5,0,0,0,1,0,0
@401_QJNXN2_5,0,0,0,0,1,0
@402_QJNXN2_5,0,0,0,0,0,1
@403_QJNXN2_5,0,0,0,0,1,0
@404_QJNXN2_5,0,0,0,0,0,1
@405_QJNXN2_5,0,0,0,0,0,0
@406_QJNXN2_5,0,0,0,0,1,0
@407_QJNXN2_5,0,0,0,0,0,1
@408_QJNXN2_5,0,0,0,0,1,0
@409_QJNXN2_5,0,0,0,0,0,1
@410_QJNXN2_5,0,0,0,0,1,0
@411_QJNXN2_5,1,0,0,0,0,0
@412_QJNXN2_5,0,0,0,0,1,0
@413_QJNXN2_5,0,0,0,0,0,1
@414_QJNXN2_5,0,0,0,0,1,0
@415_QJNXN2_5,0,0,0,0,0,0
@416_QJNXN2_5,0,0,0,0,1,0
@417_QJNXN2_5,0,0,0,0,0,1
@418_QJNXN2_5,0,0,0,0,0,2
@419_QJNXN2_5,0,0,0,0,0,1
@420_QJNXN2_5,0,0,0,0,1,0
@421_QJNXN2_5,2,0,2,0,0,0
@422_QJNXN2_5,0,0,0,0,1,0
@423_QJNXN2_5,0,0,0,0,1,0
@424_QJNXN2_5,0,0,0,0,0,1
@425_QJNXN2_5,0,0,0,0,1,0
@426_QJNXN2_5,0,0,0,0,1,0
@427_QJNXN2_5,0,0,0,0,1,0
@428_QJNXN2_5,0,0,0,0,0,1
@429_QJNXN2_5,0,0,0,0,1,0
@430_QJNXN2_5,0,0,0,0,0,1
@431_QJNXN2_5,0,0,0,0,0,1
@432_QJNXN2_5,0,0,0,0,1,0
@433_QJNXN2_5,0,0,1,0,0,0
@434_QJNXN2_5,1,0,1,0,1,0
@435_QJNXN2_5,0,0,0,0,1,0
@436_QJNXN2_5,0,0,0,0,0,0
@437_QJNXN2_5,0,0,0,0,1,0
@438_QJNXN2_5,0,0,0,0,0,1
@439_QJNXN2_5,0,0,0,0,0,0
@440_QJNXN2_5,0,0,0,0,0,0
@441_QJNXN2_5,0,0,0,0,1,0
@442_QJNXN2_5,0,0,0,0,1,0
@443_QJNXN2_5,0,0,0,0,1,0
@444_QJNXN2_5,0,0,0,0,1,0
@445_QJNXN2_5,0,0,0,0,0,1
@446_QJNXN2_5,0,0,0,0,1,0
@447_QJNXN2_5,0,0,0,0,0,0
@448_QJNXN2_5,0,0,0,0,1,0
@449_QJNXN2_5,0,0,0,0,1,0
@450_QJNXN2_5,0,0,0,0,1,0
@451_QJNXN2_5,0,1,0,1,0,0
@452_QJNXN2_5,0,0,0,0,0,1
@453_QJNXN2_5,0,0,0,0,0,1
@454_QJNXN2_5,0,0,0,0,0,2
@455_QJNXN2_5,0,0,0,0,1,0
@456_QJNXN2_5,0,0,0,0,1,0
@457_QJNXN2_5,0,0,0,0,0,1
@458_QJNXN2_5,0,0,0,0,0,0
@459_QJNXN2_5,0,0,0,0,0,1
@460_QJNXN2_5,0,0,0,0,1,0
@461_QJNXN2_5,0,0,0,0,0,1
@462_QJNXN2_5,0,0,0,0,1,0
@463_QJNXN2_5,0,0,0,0,0,1
@464_QJNXN2_5,0,0,0,0,0,1
@465_QJNXN2_5,0,0,0,0,0,1
@466_QJNXN2_5,0,0,0,0,0,1
@467_QJNXN2_5,0,0,0,0,0,1
@468_QJNXN2_5,0,0,0,0,1,0
@469_QJNXN2_5,1,0,0,0,0,0
@470_QJNXN2_5,0,0,0,0,0,0
@471_QJNXN2_5,0,0,0,0,0,1
@472_QJNXN2_5,0,0,0,0,0,0
@473_QJNXN2_5,0,0,0,0,1,0
@474_QJNXN2_5,0,0,0,0,1,0
@475_QJNXN2_5,0,0,0,0,1,0
@476_QJNXN2_5,0,0,0,0,1,0
@477_QJNXN2_5,0,0,0,0,0,2
@478_QJNXN2_5,0,0,0,0,0,1
@479_QJNXN2_5,0,0,0,0,0,1
@480_QJNXN2_5,0,0,0,1,0,0
@481_QJNXN2_5,0,0,0,0,1,0
@482_QJNXN2_5,1,0,0,0,0,0
@483_QJNXN2_5,0,0,0,0,0,1
@484_QJNXN2_5,0,0,0,0,0,1
@485_QJNXN2_5,0,0,0,0,0,1
@486_QJNXN2_5,4,0,4,0,1,0
@487_QJNXN2_5,0,0,0,0,0,1
@488_QJNXN2_5,0,0,0,0,1,0
@489_QJNXN2_5,0,0,0,0,1,0
@490_QJNXN2_5,0,0,0,0,0,0
@491_QJNXN2_5,0,0,0,0,0,1
@492_QJNXN2_5,0,0,0,0,0,0
@493_QJNXN2_5,0,0,0,0,0,1
@494_QJNXN2_5,0,0,0,0,2,0
@495_QJNXN2_5,0,0,0,0,0,1
@496_QJNXN2_5,0,0,0,0,0,0
@497_QJNXN2_5,0,0,0,0,1,0
@498_QJNXN2_5,0,0,0,0,0,1
@499_QJNXN2_5,0,0,0,0,0,0
@500_QJNXN2_5,0,0,0,1,0,0
@501_QJNXN2_5,0,0,0,0,0,1
@502_QJNXN2_5,0,2,0,2,0,0
@503_QJNXN2_5,0,0,0,0,1,0
@504_QJNXN2_5,0,0,0,0,0,1
@505_QJNXN2_5,0,0,0,0,0,1
@506_QJNXN2_5,0,0,0,0,1,0
@507_QJNXN2_5,0,0,0,0,0,1
@508_QJNXN2_5,0,0,0,0,1,0
@509_QJNXN2_5,0,0,0,0,0,1
@510_QJNXN2_5,0,0,0,0,0,1
@511_QJNXN2_5,0,0,0,0,0,1
@512_QJNXN2_5,0,0,0,0,0,1
@513_QJNXN2_5,0,0,0,0,0,1
@514_QJNXN2_5,0,0,0,0,0,1
@515_QJNXN2_5,0,1,0,1,0,0
@516_QJNXN2_5,0,0,0,0,0,1
@517_QJNXN2_5,0,0,0,0,0,1
@518_QJNXN2_5,0,0,0,0,0,0
@519_QJNXN2_5,0,0,0,0,1,0
@520_QJNXN2_5,0,0,0,0,0,2
@521_QJNXN2_5,0,0,0,0,0,1
@522_QJNXN2_5,0,0,0,0,1,0
@523_QJNXN2_5,0,0,0,0,1,0
@524_QJNXN2_5,0,0,0,0,0,0
@525_QJNXN2_5,1,0,1,0,1,0
@526_QJNXN2_5,0,0,0,0,0,1
@527_QJNXN2_5,0,0,0,0,1,0
@528_QJNXN2_5,2,0,2,0,0,0
@529_QJNXN2_5,0,0,0,0,0,2
@530_QJNXN2_5,0,0,0,0,0,1
@531_QJNXN2_5,0,0,0,1,0,0
@532_QJNXN2_5,0,0,0,0,1,0
@533_QJNXN2_5,0,0,0,0,0,1
@534_QJNXN2_5,0,0,0,0,1,0
@535_QJNXN2_5,0,0,0,0,1,0
@536_QJNXN2_5,0,0,0,0,0,1
@537_QJNXN2_5,0,0,0,0,1,0
@538_QJNXN2_5,0,0,0,0,0,1
@539_QJNXN2_5,0,0,0,0,1,0
@540_QJNXN2_5,0,0,0,0,0,0
@541_QJNXN2_5,0,0,0,0,0,1
@542_QJNXN2_5,0,0,0,0,1,0
@543_QJNXN2_5,0,0,0,0,0,1
@544_QJNXN2_5,0,0,0,0,1,0
@545_QJNXN2_5,0,0,0,0,0,1
@546_QJNXN2_5,0,1,0,1,0,0
@547_QJNXN2_5,0,0,0,0,1,0
@548_QJNXN2_5,0,0,0,0,1,0
@549_QJNXN2_5,0,0,0,0,0,1
@550_QJNXN2_5,0,0,0,0,0,1
@551_QJNXN2_5,0,0,0,0,1,0
@552_QJNXN2_5,0,0,0,0,1,0
@553_QJNXN2_5,0,0,0,0,0,1
@554_QJNXN2_5,0,0,0,0,1,0
@555_QJNXN2_5,0,0,0,0,1,0
@556_QJNXN2_5,0,0,0,0,1,0
@557_QJNXN2_5,0,0,0,0,0,0
@558_QJNXN2_5,0,0,0,0,0,2
@559_QJNXN2_5,0,0,0,0,0,1
@560_QJNXN2_5,0,0,0,0,0,1
@561_QJNXN2_5,0,1,0,1,0,0
@562_QJNXN2_5,0,0,0,0,0,0
@563_QJNXN2_5,0,0,0,0,0,1
@564_QJNXN2_5,0,0,0,0,2,0
@565_QJNXN2_5,0,0,0,0,1,0
@566_QJNXN2_5,0,0,0,0,0,1
@567_QJNXN2_5,0,1,0,1,0,1
@568_QJNXN2_5,0,0,0,0,0,1
@569_QJNXN2_5,0,0,0,0,0,1
@570_QJNXN2_5,0,0,0,0,0,1
@571_QJNXN2_5,0,0,0,0,1,0
@572_QJNXN2_5,0,0,0,0,2,0
@573_QJNXN2_5,0,0,0,0,0,0
@574_QJNXN2_5,0,0,0,1,0,0
@575_QJNXN2_5,0,0,0,0,0,1
@576_QJNXN2_5,0,0,0,0,0,1
@577_QJNXN2_5,0,0,0,0,0,1
@578_QJNXN2_5,0,0,0,0,1,0
@579_QJNXN2_5,0,0,0,0,0,1
@580_QJNXN2_5,0,0,0,0,0,0
@581_QJNXN2_5,0,0,0,0,1,0
@582_QJNXN2_5,0,0,0,0,1,0
@583_QJNXN2_5,0,0,0,0,1,0
@584_QJNXN2_5,0,0,0,0,0,1
@585_QJNXN2_5,0,0,0,0,0,1
@586_QJNXN2_5,0,0,0,0,0,1
@587_QJNXN2_5,0,0,0,0,0,0
@588_QJNXN2_5,0,0,0,0,1,0
@589_QJNXN2_5,0,0,0,0,0,0
@590_QJNXN2_5,0,0,0,0,0,1
@591_QJNXN2_5,0,0,0,0,0,2
@592_QJNXN2_5,0,0,0,0,0,1
@593_QJNXN2_5,0,0,0,0,0,2
@594_QJNXN2_5,0,0,0,0,0,1
@595_QJNXN2_5,0,0,0,0,0,1
@596_QJNXN2_5,0,0,0,0,0,1
@597_QJNXN2_5,0,0,0,0,1,0
@598_QJNXN2_5,0,0,0,0,0,0
@599_QJNXN2_5,0,0,0,0,1,0
@600_QJNXN2_5,0,0,0,0,1,0
@601_QJNXN2_5,0,0,0,0,0,1
@602_QJNXN2_5,0,1,0,0,0,0
@603_QJNXN2_5,0,0,0,0,0,1
@604_QJNXN2_5,0,0,0,0,0,1
@605_QJNXN2_5,0,0,0,0,1,0
@606_QJNXN2_5,0,0,0,0,0,2
@607_QJNXN2_5,0,0,0,0,1,0
@608_QJNXN2_5,0,0,0,0,1,0
@609_QJNXN2_5,0,0,0,0,0,1
@610_QJNXN2_5,0,0,0,0,1,0
@611_QJNXN2_5,0,0,0,0,0,1
@612_QJNXN2_5,0,0,0,0,0,1
@613_QJNXN2_5,0,0,0,0,0,1
@614_QJNXN2_5,0,0,0,0,1,0
@615_QJNXN2_5,0,0,0,0,0,0
@616_QJNXN2_5,0,0,0,0,1,0
@617_QJNXN2_5,0,0,0,0,1,0
@618_QJNXN2_5,0,0,0,0,0,0
@619_QJNXN2_5,0,0,0,0,1,0
@620_QJNXN2_5,0,0,0,0,0,1
@621_QJNXN2_5,0,0,0,0,0,1
@622_QJNXN2_5,0,0,0,0,0,1
@623_QJNXN2_5,0,0,0,0,1,0
@624_QJNXN2_5,0,0,0,0,1,0
@625_QJNXN2_5,0,0,0,0,0,0
@626_QJNXN2_5,0,0,0,0,1,0
@627_QJNXN2_5,0,0,0,0,0,1
@628_QJNXN2_5,0,0,0,0,1,0
@629_QJNXN2_5,0,0,0,0,1,0
@630_QJNXN2_5,0,0,0,0,1,0
@631_QJNXN2_5,0,0,0,0,0,1
@632_QJNXN2_5,0,0,0,0,0,1
@633_QJNXN2_5,0,0,0,0,0,1
@634_QJNXN2_5,0,0,1,0,0,0
@635_QJNXN2_5,0,0,0,0,1,0
@636_QJNXN2_5,0,0,0,0,0,1
@637_QJNXN2_5,0,0,0,0,0,0
@638_QJNXN2_5,0,0,0,0,0,2
@639_QJNXN2_5,0,0,0,0,1,0
@640_QJNXN2_5,1,0,1,0,1,0
@641_QJNXN2_5,0,0,0,0,0,1
@642_QJNXN2_5,0,0,0,0,1,0
@643_QJNXN2_5,0,0,0,0,0,0
@644_QJNXN2_5,0,0,0,0,0,1
@645_QJNXN2_5,0,0,0,0,0,1
@646_QJNXN2_5,0,0,0,0,1,0
@647_QJNXN2_5,0,0,0,0,0,1
@648_QJNXN2_5,0,0,0,0,0,0
@649_QJNXN2_5,0,0,0,0,0,1
@650_QJNXN2_5,0,0,0,0,1,0
@651_QJNXN2_5,0,0,0,0,0,1
@652_QJNXN2_5,0,0,0,0,2,0
@653_QJNXN2_5,0,0,0,0,0,1
@654_QJNXN2_5,0,0,0,0,1,0
@655_QJNXN2_5,0,0,0,0,0,0
@656_QJNXN2_5,0,0,0,0,0,1
@657_QJNXN2_5,0,0,0,0,1,0
@658_QJNXN2_5,0,0,0,0,1,0
@659_QJNXN2_5,0,0,0,0,0,1
@660_QJNXN2_5,0,0,0,0,0,1
@661_QJNXN2_5,0,0,0,0,0,1
@662_QJNXN2_5,0,0,0,0,1,0
@663_QJNXN2_5,0,0,0,0,0,1
@664_QJNXN2_5,0,0,0,0,1,0
@665_QJNXN2_5,0,0,0,0,2,0
@666_QJNXN2_5,0,0,0,0,2,0
@667_QJNXN2_5,0,0,0,0,1,0
@668_QJNXN2_5,0,0,0,0,0,1
@669_QJNXN2_5,0,0,0,0,0,1
@670_QJNXN2_5,0,0,0,0,0,2
@671_QJNXN2_5,0,0,0,0,0,1
@672_QJNXN2_5,0,0,0,0,1,0
@673_QJNXN2_5,0,0,0,0,1,0
@674_QJNXN2_5,0,0,0,0,0,1
@675_QJNXN2_5,0,0,0,0,0,1
@676_QJNXN2_5,0,0,0,0,0,1
@677_QJNXN2_5,0,0,0,0,1,0
@678_QJNXN2_5,0,0,0,0,0,1
@679_QJNXN2_5,0,0,0,0,0,1
@680_QJNXN2_5,1,0,1,0,0,0
@681_QJNXN2_5,0,0,0,0,0,1
@682_QJNXN2_5,0,0,0,0,1,0
@683_QJNXN2_5,0,0,0,0,1,0
@684_QJNXN2_5,0,1,0,1,0,0
@685_QJNXN2_5,0,1,0,1,0,0
@686_QJNXN2_5,0,0,0,0,0,0
@687_QJNXN2_5,0,0,0,0,0,0
@688_QJNXN2_5,0,1,0,1,0,0
@689_QJNXN2_5,0,0,0,0,1,0
@690_QJNXN2_5,0,0,0,0,1,0
@691_QJNXN2_5,0,0,0,0,1,0
@692_QJNXN2_5,0,0,0,0,1,0
@693_QJNXN2_5,0,0,0,0,0,1
@694_QJNXN2_5,0,0,0,0,0,0
@695_QJNXN2_5,0,0,0,0,0,0
@696_QJNXN2_5,0,0,0,0,1,0
@697_QJNXN2_5,0,0,0,0,1,0
@698_QJNXN2_5,0,0,0,0,0,1
@699_QJNXN2_5,0,0,0,0,1,0
@700_QJNXN2_5,0,0,0,0,0,0
@701_QJNXN2_5,0,0,0,0,0,1
@702_QJNXN2_5,0,0,0,0,1,0
@703_QJNXN2_5,0,0,0,0,0,1
@704_QJNXN2_5,0,0,0,0,1,0
@705_QJNXN2_5,0,0,0,0,0,1
@706_QJNXN2_5,0,0,0,0,1,0
@707_QJNXN2_5,0,0,0,0,0,1
@708_QJNXN2_5,0,0,0,0,1,0
@709_QJNXN2_5,0,0,0,0,0,1
@710_QJNXN2_5,0,0,0,0,1,0
@711_QJNXN2_5,0,0,0,0,1,0
@712_QJNXN2_5,0,0,0,0,1,0
@713_QJNXN2_5,0,0,0,0,0,0
@714_QJNXN2_5,0,0,0,0,0,0
@715_QJNXN2_5,0,0,0,0,0,1
@716_QJNXN2_5,0,0,0,0,0,1
@717_QJNXN2_5,0,0,0,0,1,0
@718_QJNXN2_5,0,1,0,2,0,1
@719_QJNXN2_5,0,0,0,0,0,1
@720_QJNXN2_5,0,0,0,0,1,0
@721_QJNXN2_5,0,0,0,0,1,0
@722_QJNXN2_5,0,0,0,0,1,0
@723_QJNXN2_5,0,0,0,0,1,0
@724_QJNXN2_5,0,0,0,0,0,1
@725_QJNXN2_5,0,0,0,0,0,1
@726_QJNXN2_5,0,0,0,0,1,0
@727_QJNXN2_5,0,0,0,0,0,0
@728_QJNXN2_5,0,0,0,0,0,1
@729_QJNXN2_5,0,0,0,0,0,0
@730_QJNXN2_5,0,0,0,0,0,1
@731_QJNXN2_5,0,0,0,0,1,0
@732_QJNXN2_5,0,0,0,0,1,0
@733_QJNXN2_5,0,0,0,0,0,1
@734_QJNXN2_5,0,0,0,0,0,1
@735_QJNXN2_5,0,0,0,0,1,0
@736_QJNXN2_5,0,0,0,0,0,1
@737_QJNXN2_5,0,0,0,0,1,0
@738_QJNXN2_5,0,0,0,0,1,0
@739_QJNXN2_5,0,0,0,0,1,0
@740_QJNXN2_5,0,0,0,0,1,0
@741_QJNXN2_5,0,0,0,0,0,1
@742_QJNXN2_5,0,0,0,0,0,0
@743_QJNXN2_5,0,0,0,0,0,1
@744_QJNXN2_5,1,0,1,0,0,0
@745_QJNXN2_5,1,0,1,0,1,0
@746_QJNXN2_5,0,0,0,0,0,1
@747_QJNXN2_5,0,0,0,0,0,1
@748_QJNXN2_5,2,0,2,0,0,0
@749_QJNXN2_5,0,0,0,0,1,0
@750_QJNXN2_5,0,0,0,0,1,0
@751_QJNXN2_5,0,0,0,0,0,1
@752_QJNXN2_5,0,0,0,0,1,0
@753_QJNXN2_5,1,0,0,0,0,0
@754_QJNXN2_5,0,0,0,0,0,1
@755_QJNXN2_5,0,0,0,0,1,0
@756_QJNXN2_5,0,0,0,0,0,1
@757_QJNXN2_5,0,0,0,0,1,0
@758_QJNXN2_5,0,0,0,0,0,1
@759_QJNXN2_5,0,0,0,0,1,0
@760_QJNXN2_5,0,0,0,0,0,1
@761_QJNXN2_5,0,0,0,0,0,0
@762_QJNXN2_5,0,1,0,1,0,0
@763_QJNXN2_5,0,0,0,0,0,1
@764_QJNXN2_5,0,0,0,0,0,1
@765_QJNXN2_5,0,0,0,0,1,0
@766_QJNXN2_5,0,0,0,0,0,1
@767_QJNXN2_5,0,0,0,0,0,0
@768_QJNXN2_5,0,0,0,0,0,1
@769_QJNXN2_5,0,0,0,0,0,1
@770_QJNXN2_5,0,0,0,0,1,0
@771_QJNXN2_5,0,0,0,0,0,1
@772_QJNXN2_5,0,0,0,0,1,0
@773_QJNXN2_5,0,0,0,0,0,0
@774_QJNXN2_5,1,0,1,0,0,0
@775_QJNXN2_5,0,0,0,0,1,0
@776_QJNXN2_5,0,0,0,0,0,1
@777_QJNXN2_5,0,0,0,0,0,1
@778_QJNXN2_5,0,0,0,0,1,0
@779_QJNXN2_5,0,0,0,0,1,0
@780_QJNXN2_5,0,0,0,0,0,0
@781_QJNXN2_5,0,0,0,0,0,1
@782_QJNXN2_5,0,0,0,0,1,0
@783_QJNXN2_5,0,1,0,1,0,0
@784_QJNXN2_5,0,0,0,0,0,1
@785_QJNXN2_5,0,0,0,0,2,0
@786_QJNXN2_5,0,0,0,0,0,1
@787_QJNXN2_5,0,0,0,0,1,0
@788_QJNXN2_5,0,0,0,0,0,1
@789_QJNXN2_5,0,0,0,0,0,1
@790_QJNXN2_5,0,0,0,0,0,0
@791_QJNXN2_5,0,0,0,0,1,0
@792_QJNXN2_5,0,0,0,0,0,1
@793_QJNXN2_5,0,0,0,0,0,1
@794_QJNXN2_5,0,0,0,0,1,0
@795_QJNXN2_5,0,0,0,0,0,1
@796_QJNXN2_5,0,0,0,0,0,1
@797_QJNXN2_5,2,0,2,0,1,0
@798_QJNXN2_5,0,0,0,0,1,0
@799_QJNXN2_5,0,1,0,1,0,0
@800_QJNXN2_5,0,0,0,0,0,2
@801_QJNXN2_5,0,0,0,0,0,1
@802_QJNXN2_5,0,0,0,0,1,0
@803_QJNXN2_5,0,0,0,0,1,0
@804_QJNXN2_5,0,0,0,0,1,0
@805_QJNXN2_5,0,0,0,0,0,1
@806_QJNXN2_5,0,0,0,0,0,1
@807_QJNXN2_5,1,0,1,0,1,0
@808_QJNXN2_5,0,1,0,1,0,0
@809_QJNXN2_5,0,0,0,0,1,0
@810_QJNXN2_5,0,2,0,2,0,0
@811_QJNXN2_5,0,0,0,0,1,0
@812_QJNXN2_5,0,0,1,0,0,0
@813_QJNXN2_5,0,0,0,0,1,0
@814_QJNXN2_5,0,1,0,1,0,1
@815_QJNXN2_5,0,0,0,0,0,1
@816_QJNXN2_5,0,0,0,0,1,0
@817_QJNXN2_5,0,0,0,0,1,0
@818_QJNXN2_5,0,0,0,0,1,0
@819_QJNXN2_5,0,0,0,0,0,0
@820_QJNXN2_5,0,0,0,0,0,1
@821_QJNXN2_5,0,0,0,0,0,0
@822_QJNXN2_5,0,0,0,0,0,1
@823_QJNXN2_5,0,0,0,0,0,0
@824_QJNXN2_5,0,0,0,0,0,1
@825_QJNXN2_5,0,0,0,0,1,0
@826_QJNXN2_5,0,0,0,0,0,0
@827_QJNXN2_5,0,0,0,0,0,2
@828_QJNXN2_5,0,0,0,0,0,1
@829_QJNXN2_5,0,0,0,0,0,0
@830_QJNXN2_5,0,0,0,0,0,1
@831_QJNXN2_5,0,0,0,0,0,1
@832_QJNXN2_5,0,0,0,0,0,0
@833_QJNXN2_5,0,0,0,0,0,0
@834_QJNXN2_5,0,0,0,0,1,0
@835_QJNXN2_5,0,0,0,0,1,0
@836_QJNXN2_5,0,0,0,0,0,1
@837_QJNXN2_5,0,0,0,0,1,0
@838_QJNXN2_5,0,0,0,0,0,1
@839_QJNXN2_5,0,0,0,0,1,0
@840_QJNXN2_5,0,0,0,0,0,1
@841_QJNXN2_5,0,0,0,0,1,0
@842_QJNXN2_5,0,0,0,0,0,1
@843_QJNXN2_5,0,0,0,0,1,0
@844_QJNXN2_5,0,0,0,0,1,0
@845_QJNXN2_5,0,0,0,0,0,1
@846_QJNXN2_5,0,0,0,0,1,0
@847_QJNXN2_5,0,0,0,0,1,0
@848_QJNXN2_5,0,0,0,0,0,1
@849_QJNXN2_5,0,0,0,0,0,1
@850_QJNXN2_5,0,0,0,0,0,1
@851_QJNXN2_5,0,0,0,0,0,1
@852_QJNXN2_5,0,0,0,0,1,0
@853_QJNXN2_5,0,0,0,0,1,0
@854_QJNXN2_5,0,0,0,0,1,0
@855_QJNXN2_5,0,1,0,1,0,0
@856_QJNXN2_5,0,0,0,0,1,0
@857_QJNXN2_5,0,0,0,0,1,0
@858_QJNXN2_5,0,0,0,0,1,0
@859_QJNXN2_5,0,1,0,1,0,0
@860_QJNXN2_5,1,0,0,0,1,0
@861_QJNXN2_5,0,0,0,0,0,1
@862_QJNXN2_5,0,0,1,0,0,0
@863_QJNXN2_5,0,0,0,0,1,0
@864_QJNXN2_5,0,0,0,0,0,1
@865_QJNXN2_5,0,0,0,0,0,1
@866_QJNXN2_5,0,0,0,0,1,0
@867_QJNXN2_5,0,0,0,1,0,0
@868_QJNXN2_5,0,0,0,0,0,1
@869_QJNXN2_5,0,0,1,0,0,0
@870_QJNXN2_5,0,0,0,0,0,1
@871_QJNXN2_5,0,1,0,1,0,0
@872_QJNXN2_5,0,0,0,0,0,1
@873_QJNXN2_5,0,0,0,0,1,0
@874_QJNXN2_5,0,0,0,0,0,1
@875_QJNXN2_5,0,0,0,0,0,0
@876_QJNXN2_5,0,0,0,0,1,0
@877_QJNXN2_5,0,0,0,0,0,0
@878_QJNXN2_5,0,0,0,0,1,0
@879_QJNXN2_5,0,0,0,0,1,0
@880_QJNXN2_5,0,0,0,0,0,1
@881_QJNXN2_5,0,0,0,0,2,0
@882_QJNXN2_5,0,0,0,0,0,1
@883_QJNXN2_5,0,0,0,0,1,0
@884_QJNXN2_5,0,0,0,0,1,0
@885_QJNXN2_5,0,0,0,0,0,1
@886_QJNXN2_5,0,0,0,0,0,1
@887_QJNXN2_5,0,0,0,0,0,1
@888_QJNXN2_5,0,0,0,0,0,0
@889_QJNXN2_5,1,0,1,0,0,0
@890_QJNXN2_5,0,0,0,0,1,0
@891_QJNXN2_5,0,0,0,0,1,0
@892_QJNXN2_5,0,0,0,0,0,1
@893_QJNXN2_5,0,0,0,0,0,1
@894_QJNXN2_5,0,0,0,0,1,0
@895_QJNXN2_5,0,0,0,0,0,1
@896_QJNXN2_5,0,0,0,0,0,0
@897_QJNXN2_5,0,0,0,0,1,0
@898_QJNXN2_5,0,0,0,0,1,0
@899_QJNXN2_5,0,0,0,0,0,1
@900_QJNXN2_5,0,0,0,0,0,1
@901_QJNXN2_5,0,0,0,0,0,1
@902_QJNXN2_5,0,0,0,0,0,1
@903_QJNXN2_5,0,0,0,0,0,1
@904_QJNXN2_5,0,0,0,0,1,0
@905_QJNXN2_5,0,0,0,0,1,0
@906_QJNXN2_5,1,0,1,0,0,0
@907_QJNXN2_5,0,0,0,0,0,1
@908_QJNXN2_5,0,0,0,0,0,0
@909_QJNXN2_5,0,0,0,0,0,0
@910_QJNXN2_5,0,0,0,0,0,0
@911_QJNXN2_5,0,0,0,0,1,0
@912_QJNXN2_5,0,0,0,0,0,1
@913_QJNXN2_5,0,0,0,0,0,1
@914_QJNXN2_5,0,0,0,0,0,0
@915_QJNXN2_5,0,0,0,0,1,0
@916_QJNXN2_5,0,0,0,0,1,0
@917_QJNXN2_5,0,0,0,0,0,0
@918_QJNXN2_5,0,0,0,0,0,0
@919_QJNXN2_5,0,0,0,0,0,1
@920_QJNXN2_5,0,0,0,0,1,0
@921_QJNXN2_5,0,0,0,0,0,1
@922_QJNXN2_5,0,0,0,0,1,0
@923_QJNXN2_5,0,0,0,0,1,0
@924_QJNXN2_5,0,0,0,0,0,1
@925_QJNXN2_5,0,0,0,0,1,0
@926_QJNXN2_5,0,0,0,0,0,1
@927_QJNXN2_5,0,0,0,0,0,1
@928_QJNXN2_5,0,0,0,0,0,1
@929_QJNXN2_5,0,0,0,0,1,0
@930_QJNXN2_5,0,0,0,0,0,1
@931_QJNXN2_5,0,0,0,0,0,1
@932_QJNXN2_5,0,0,0,0,0,1
@933_QJNXN2_5,0,0,0,0,1,0
@934_QJNXN2_5,0,0,0,0,0,1
@935_QJNXN2_5,0,2,0,2,0,2
@936_QJNXN2_5,0,0,0,0,1,0
@937_QJNXN2_5,0,0,0,0,0,1
@938_QJNXN2_5,0,0,0,0,1,0
@939_QJNXN2_5,0,0,0,0,1,0
@940_QJNXN2_5,0,0,0,0,1,0
@941_QJNXN2_5,0,0,0,0,1,0
@942_QJNXN2_5,0,0,0,0,1,0
@943_QJNXN2_5,0,0,0,0,1,0
@944_QJNXN2_5,0,0,0,0,1,0
@945_QJNXN2_5,0,0,0,0,0,1
@946_QJNXN2_5,0,0,0,0,0,1
@947_QJNXN2_5,0,0,0,0,1,0
@948_QJNXN2_5,0,0,0,0,0,1
@949_QJNXN2_5,0,0,0,0,0,1
@950_QJNXN2_5,0,0,0,0,0,0
@951_QJNXN2_5,0,0,0,0,1,0
@952_QJNXN2_5,0,0,0,0,0,0
@953_QJNXN2_5,0,0,0,0,1,0
@954_QJNXN2_5,0,0,0,0,1,0
@955_QJNXN2_5,0,0,0,0,1,0
@956_QJNXN2_5,0,0,0,0,0,1
@957_QJNXN2_5,0,0,0,0,0,1
@958_QJNXN2_5,0,0,0,0,0,1
@959_QJNXN2_5,0,0,0,0,0,0
@960_QJNXN2_5,0,0,0,0,0,0
@961_QJNXN2_5,0,0,0,0,0,1
@962_QJNXN2_5,0,0,0,0,1,0
@963_QJNXN2_5,0,0,0,0,0,1
@964_QJNXN2_5,0,0,0,1,0,1
@965_QJNXN2_5,0,0,0,0,0,0
@966_QJNXN2_5,0,0,0,0,1,0
@967_QJNXN2_5,0,0,0,0,1,0
@968_QJNXN2_5,0,0,0,0,1,0
@969_QJNXN2_5,0,0,0,0,1,0
@970_QJNXN2_5,0,0,0,0,0,1
@971_QJNXN2_5,0,0,0,0,0,1
@972_QJNXN2_5,0,0,0,0,1,0
@973_QJNXN2_5,0,0,0,0,1,0
@974_QJNXN2_5,0,0,0,0,0,0
@975_QJNXN2_5,0,0,0,0,0,1
@976_QJNXN2_5,0,0,0,0,0,1
@977_QJNXN2_5,0,0,0,0,1,0
@978_QJNXN2_5,0,1,0,1,0,0
@979_QJNXN2_5,0,0,0,0,0,0
@980_QJNXN2_5,0,0,0,0,0,1
@981_QJNXN2_5,0,0,0,0,0,1
@982_QJNXN2_5,0,0,0,0,1,0
@983_QJNXN2_5,0,0,0,0,0,1
@984_QJNXN2_5,0,0,0,0,1,0
@985_QJNXN2_5,0,0,0,0,0,1
@986_QJNXN2_5,0,0,0,0,1,0
@987_QJNXN2_5,0,0,0,0,0,1
@988_QJNXN2_5,0,0,0,0,0,1
@989_QJNXN2_5,0,0,0,0,1,0
@990_QJNXN2_5,0,0,0,0,1,0
@991_QJNXN2_5,0,0,0,0,1,0
@992_QJNXN2_5,0,0,0,0,0,1
@993_QJNXN2_5,0,0,0,0,0,1
@994_QJNXN2_5,0,0,0,0,0,1
@995_QJNXN2_5,0,0,0,0,0,0
@996_QJNXN2_5,0,0,0,0,0,1
@997_QJNXN2_5,0,0,0,0,1,0
@998_QJNXN2_5,0,0,0,0,0,0
@999_QJNXN2_5,0,0,0,0,0,1
@1000_QJNXN2_5,0,0,0,0,0,1
@1001_QJNXN2_5,0,0,0,0,0,1
@1002_QJNXN2_5,0,0,0,0,0,0
@1003_QJNXN2_5,0,0,0,0,0,1
@1004_QJNXN2_5,0,0,0,0,0,0
@1005_QJNXN2_5,0,0,0,0,0,1
@1006_QJNXN2_5,0,0,0,0,1,0
@1007_QJNXN2_5,0,0,0,0,1,0
@1008_QJNXN2_5,0,0,0,0,0,0
@1009_QJNXN2_5,0,0,0,0,1,0
@1010_QJNXN2_5,0,0,0,0,0,0
@1011_QJNXN2_5,0,0,0,0,0,1
@1012_QJNXN2_5,0,0,0,0,0,0
@1013_QJNXN2_5,0,0,0,0,0,0
@1014_QJNXN2_5,0,0,0,0,1,0
@1015_QJNXN2_5,0,0,0,0,0,0
@1016_QJNXN2_5,0,0,0,0,0,1
@1017_QJNXN2_5,0,0,0,0,0,2
@1018_QJNXN2_5,0,0,0,0,1,0
@1019_QJNXN2_5,0,0,0,0,1,0
@1020_QJNXN2_5,0,0,0,0,0,0
@1021_QJNXN2_5,0,0,0,0,0,0
@1022_QJNXN2_5,0,0,0,0,0,1
@1023_QJNXN2_5,0,0,0,0,0,0
@1024_QJNXN2_5,0,0,0,0,1,0
@1025_QJNXN2_5,0,0,0,0,1,0
@1026_QJNXN2_5,0,0,0,0,1,0
@1027_QJNXN2_5,0,0,0,0,0,1
@1028_QJNXN2_5,0,0,0,0,0,0
@1029_QJNXN2_5,0,0,0,0,2,0
@1030_QJNXN2_5,0,0,0,0,0,1
@1031_QJNXN2_5,0,0,0,0,1,0
@1032_QJNXN2_5,0,0,0,1,0,1
@1033_QJNXN2_5,0,0,0,0,1,0
@1034_QJNXN2_5,0,0,0,0,1,0
@1035_QJNXN2_5,0,1,0,1,0,1
@1036_QJNXN2_5,0,0,0,0,1,0
@1037_QJNXN2_5,0,0,0,0,0,1
@1038_QJNXN2_5,0,0,0,0,0,1
@1039_QJNXN2_5,0,0,0,0,0,1
@1040_QJNXN2_5,0,0,0,0,1,0
@1041_QJNXN2_5,0,0,0,0,1,0
@1042_QJNXN2_5,0,0,0,0,0,0
@1043_QJNXN2_5,0,0,0,0,0,1
@1044_QJNXN2_5,0,0,0,0,1,0
@1045_QJNXN2_5,0,0,0,0,0,1
@1046_QJNXN2_5,0,0,0,0,1,0
@1047_QJNXN2_5,0,0,0,0,1,0
@1048_QJNXN2_5,0,0,0,0,1,0
@1049_QJNXN2_5,0,0,0,0,0,1
@1050_QJNXN2_5,0,0,0,0,0,1
@1051_QJNXN2_5,0,0,0,0,0,1
@1052_QJNXN2_5,0,0,0,0,1,0
@1053_QJNXN2_5,0,0,0,0,0,0
@1054_QJNXN2_5,0,0,0,0,1,0
@1055_QJNXN2_5,0,0,0,0,0,1
@1056_QJNXN2_5,0,1,0,1,0,0
@1057_QJNXN2_5,0,0,0,0,1,0
@1058_QJNXN2_5,0,0,0,0,1,0
@1059_QJNXN2_5,0,0,0,0,1,0
@1060_QJNXN2_5,1,0,1,0,0,0
@1061_QJNXN2_5,0,0,0,0,1,0
@1062_QJNXN2_5,1,0,1,0,1,0
@1063_QJNXN2_5,0,0,0,0,0,1
@1064_QJNXN2_5,0,0,0,0,1,0
@1065_QJNXN2_5,0,0,0,0,0,2
@1066_QJNXN2_5,0,0,0,0,1,0
@1067_QJNXN2_5,1,0,1,0,1,0
@1068_QJNXN2_5,0,0,0,0,0,1
@1069_QJNXN2_5,0,0,0,0,0,2
@1070_QJNXN2_5,0,0,0,0,1,0
@1071_QJNXN2_5,0,0,0,0,0,2
@1072_QJNXN2_5,0,0,0,0,1,0
@1073_QJNXN2_5,0,2,0,1,0,0
@1074_QJNXN2_5,0,0,0,0,0,1
@1075_QJNXN2_5,0,0,0,0,0,1
@1076_QJNXN2_5,0,0,0,0,1,0
@1077_QJNXN2_5,0,0,0,0,0,0
@1078_QJNXN2_5,0,0,0,0,0,1
@1079_QJNXN2_5,0,0,0,0,0,0
@1080_QJNXN2_5,0,0,0,0,1,0
@1081_QJNXN2_5,0,0,0,0,0,0
@1082_QJNXN2_5,0,0,0,0,1,0
@1083_QJNXN2_5,0,0,0,0,1,0
@1084_QJNXN2_5,0,0,0,0,0,1
@1085_QJNXN2_5,0,0,0,0,0,1
@1086_QJNXN2_5,0,0,0,0,0,1
@1087_QJNXN2_5,0,0,0,0,1,0
@1088_QJNXN2_5,0,0,0,0,0,1
@1089_QJNXN2_5,0,0,0,0,0,1
@1090_QJNXN2_5,0,0,0,0,1,0
@1091_QJNXN2_5,0,1,0,1,0,0
@1092_QJNXN2_5,0,0,0,0,0,1
@1093_QJNXN2_5,0,0,0,0,0,1
@1094_QJNXN2_5,0,0,0,0,0,1
@1095_QJNXN2_5,0,0,0,0,0,1
@1096_QJNXN2_5,0,0,0,0,1,0
@1097_QJNXN2_5,0,0,0,0,0,0
@1098_QJNXN2_5,0,0,0,0,0,1
@1099_QJNXN2_5,0,0,0,0,1,0
@1100_QJNXN2_5,0,0,0,0,0,1
@1101_QJNXN2_5,0,0,0,0,1,0
@1102_QJNXN2_5,0,0,0,0,0,0
@1103_QJNXN2_5,0,0,0,0,0,1
@1104_QJNXN2_5,0,0,0,0,0,1
@1105_QJNXN2_5,0,0,0,0,0,0
@1106_QJNXN2_5,0,0,0,0,0,1
@1107_QJNXN2_5,0,0,0,0,1,0
@1108_QJNXN2_5,0,0,0,0,1,0
@1109_QJNXN2_5,0,0,0,0,1,0
@1110_QJNXN2_5,0,0,0,0,0,1
@1111_QJNXN2_5,0,0,0,0,0,2
@1112_QJNXN2_5,0,0,0,0,1,0
@1113_QJNXN2_5,0,0,0,0,1,0
@1114_QJNXN2_5,0,0,0,0,1,0
@1115_QJNXN2_5,0,0,0,0,1,0
@1116_QJNXN2_5,0,0,0,0,1,0
@1117_QJNXN2_5,0,0,0,0,0,0
@1118_QJNXN2_5,0,0,0,0,0,1
@1119_QJNXN2_5,0,0,0,0,0,1
@1120_QJNXN2_5,0,0,0,0,0,0
@1121_QJNXN2_5,0,0,0,0,1,0
@1122_QJNXN2_5,0,0,0,0,2,0
@1123_QJNXN2_5,0,0,0,0,0,1
@1124_QJNXN2_5,0,0,0,0,1,0
@1125_QJNXN2_5,0,0,0,0,1,0
@1126_QJNXN2_5,0,0,0,0,1,0
@1127_QJNXN2_5,0,0,0,0,1,0
@1128_QJNXN2_5,0,0,0,0,0,0
@1129_QJNXN2_5,0,0,0,0,0,1
@1130_QJNXN2_5,0,0,0,0,0,1
@1131_QJNXN2_5,0,0,0,0,0,0
@1132_QJNXN2_5,0,0,0,0,0,2
@1133_QJNXN2_5,0,0,0,1,0,0
@1134_QJNXN2_5,0,0,0,0,0,1
@1135_QJNXN2_5,0,0,0,0,1,0
@1136_QJNXN2_5,0,0,0,0,1,0
@1137_QJNXN2_5,0,0,0,0,1,0
@1138_QJNXN2_5,0,0,0,0,0,0
@1139_QJNXN2_5,0,0,0,0,1,0
@1140_QJNXN2_5,0,0,0,0,0,1
@1141_QJNXN2_5,0,0,0,0,0,1
@1142_QJNXN2_5,0,0,0,0,0,1
@1143_QJNXN2_5,0,0,0,0,1,0
@1144_QJNXN2_5,0,0,0,0,0,0
@1145_QJNXN2_5,0,0,0,0,0,0
@1146_QJNXN2_5,0,0,0,0,0,1
@1147_QJNXN2_5,0,0,0,0,0,0
@1148_QJNXN2_5,0,0,0,0,0,1
@1149_QJNXN2_5,0,0,0,0,0,1
@1150_QJNXN2_5,0,0,0,0,1,0
@1151_QJNXN2_5,0,0,0,0,0,2
@1152_QJNXN2_5,0,0,0,0,1,0
@1153_QJNXN2_5,0,0,0,0,1,0
@1154_QJNXN2_5,0,0,0,0,1,0
@1155_QJNXN2_5,0,0,0,0,0,1
@1156_QJNXN2_5,0,0,0,0,0,0
@1157_QJNXN2_5,0,0,0,0,0,1
@1158_QJNXN2_5,0,0,0,0,1,0
@1159_QJNXN2_5,0,0,0,0,0,1
@1160_QJNXN2_5,0,0,0,0,1,0
@1161_QJNXN2_5,0,0,0,0,1,0
@1162_QJNXN2_5,0,0,0,0,0,2
@1163_QJNXN2_5,0,0,0,0,1,0
@1164_QJNXN2_5,1,0,1,0,0,0
@1165_QJNXN2_5,0,0,0,0,0,1
@1166_QJNXN2_5,0,0,0,0,1,0
@1167_QJNXN2_5,0,0,0,0,1,0
@1168_QJNXN2_5,0,0,0,0,0,1
@1169_QJNXN2_5,0,0,0,0,0,0
@1170_QJNXN2_5,0,0,0,0,1,0
@1171_QJNXN2_5,0,0,0,0,0,0
@1172_QJNXN2_5,0,0,0,0,1,0
@1173_QJNXN2_5,0,0,0,0,0,1
@1174_QJNXN2_5,0,0,0,0,0,1
@1175_QJNXN2_5,2,0,2,0,0,0
@1176_QJNXN2_5,0,0,0,0,0,1
@1177_QJNXN2_5,0,0,0,0,0,1
@1178_QJNXN2_5,0,0,0,0,1,0
@1179_QJNXN2_5,0,0,0,0,1,0
@1180_QJNXN2_5,0,0,0,0,1,0
@1181_QJNXN2_5,0,0,0,0,1,0
@1182_QJNXN2_5,0,0,0,0,1,0
@1183_QJNXN2_5,0,0,0,0,1,0
@1184_QJNXN2_5,0,0,0,0,0,1
@1185_QJNXN2_5,0,0,0,0,1,0
@1186_QJNXN2_5,0,0,0,0,1,0
@1187_QJNXN2_5,0,0,0,0,0,0
@1188_QJNXN2_5,0,0,0,0,1,0
@1189_QJNXN2_5,0,0,0,0,1,0
@1190_QJNXN2_5,0,0,0,0,1,0
@1191_QJNXN2_5,0,0,0,0,0,1
@1192_QJNXN2_5,1,0,1,0,0,0
@1193_QJNXN2_5,0,0,0,0,1,0
@1194_QJNXN2_5,0,0,0,0,0,1
@1195_QJNXN2_5,0,0,0,0,1,0
@1196_QJNXN2_5,0,0,0,0,1,0
@1197_QJNXN2_5,0,0,0,0,2,0
@1198_QJNXN2_5,0,0,0,0,0,0
@1199_QJNXN2_5,0,0,0,0,0,1
@1200_QJNXN2_5,0,0,0,0,0,1
@1201_QJNXN2_5,0,0,0,0,0,1
@1202_QJNXN2_5,0,0,0,0,1,0
@1203_QJNXN2_5,0,0,0,0,0,1
@1204_QJNXN2_5,0,0,0,0,1,0
@1205_QJNXN2_5,0,0,0,0,0,1
@1206_QJNXN2_5,0,0,0,0,1,0
@1207_QJNXN2_5,0,0,0,0,1,0
@1208_QJNXN2_5,0,0,0,0,0,1
@1209_QJNXN2_5,0,0,0,0,1,0
@1210_QJNXN2_5,0,0,0,0,0,0
@1211_QJNXN2_5,0,0,0,0,0,1
@1212_QJNXN2_5,0,1,0,1,0,0
@1213_QJNXN2_5,0,0,0,0,1,0
@1214_QJNXN2_5,1,0,0,0,0,0
@1215_QJNXN2_5,0,0,0,0,2,0
@1216_QJNXN2_5,0,0,0,0,1,0
@1217_QJNXN2_5,0,0,0,0,0,1
@1218_QJNXN2_5,0,0,0,0,1,0
@1219_QJNXN2_5,0,0,0,0,1,0
@1220_QJNXN2_5,0,0,0,0,1,0
@1221_QJNXN2_5,0,0,0,0,1,0
@1222_QJNXN2_5,0,0,0,0,0,1
@1223_QJNXN2_5,0,0,0,0,0,0
@1224_QJNXN2_5,0,0,0,0,0,0
@1225_QJNXN2_5,0,0,0,0,0,0
@1226_QJNXN2_5,0,0,0,0,0,1
@1227_QJNXN2_5,0,0,0,0,1,0
@1228_QJNXN2_5,0,0,0,0,0,1
@1229_QJNXN2_5,0,0,0,0,0,1
@1230_QJNXN2_5,0,0,0,0,0,0
@1231_QJNXN2_5,0,0,0,0,0,0
@1232_QJNXN2_5,0,0,0,0,1,0
@1233_QJNXN2_5,0,0,0,0,1,0
@1234_QJNXN2_5,0,0,0,0,0,1
@1235_QJNXN2_5,0,0,0,0,0,1
@1236_QJNXN2_5,0,0,0,0,0,2
@1237_QJNXN2_5,0,0,0,0,0,0
@1238_QJNXN2_5,0,0,0,0,0,1
@1239_QJNXN2_5,0,0,0,0,0,1
@1240_QJNXN2_5,0,0,0,0,0,1
@1241_QJNXN2_5,0,0,0,0,0,1
@1242_QJNXN2_5,0,0,0,0,2,0
@1243_QJNXN2_5,0,0,0,0,1,0
@1244_QJNXN2_5,0,0,0,0,1,0
@1245_QJNXN2_5,1,0,1,0,0,0
@1246_QJNXN2_5,0,0,0,0,0,0
@1247_QJNXN2_5,0,1,0,1,0,0
@1248_QJNXN2_5,0,0,0,0,1,0
@1249_QJNXN2_5,0,0,0,1,0,0
@1250_QJNXN2_5,0,0,0,0,0,1
@1251_QJNXN2_5,0,0,0,0,0,0
@1252_QJNXN2_5,0,0,0,0,0,0
@1253_QJNXN2_5,0,0,0,0,0,1
@1254_QJNXN2_5,0,0,0,0,1,0
@1255_QJNXN2_5,0,0,0,0,1,0
@1256_QJNXN2_5,0,0,0,0,1,0
@1257_QJNXN2_5,0,0,0,0,1,0
@1258_QJNXN2_5,0,0,0,0,0,0
@1259_QJNXN2_5,0,0,0,0,0,1
@1260_QJNXN2_5,0,0,0,0,1,0
@1261_QJNXN2_5,0,0,0,0,1,0
@1262_QJNXN2_5,0,0,0,0,0,1
@1263_QJNXN2_5,0,0,0,0,0,0
@1264_QJNXN2_5,1,0,0,0,0,0
@1265_QJNXN2_5,0,0,0,0,0,1
@1266_QJNXN2_5,0,0,0,0,1,0
@1267_QJNXN2_5,0,0,0,0,2,0
@1268_QJNXN2_5,1,0,1,0,0,0
@1269_QJNXN2_5,0,0,0,0,0,1
@1270_QJNXN2_5,0,0,0,0,0,1
@1271_QJNXN2_5,0,0,0,0,1,0
@1272_QJNXN2_5,0,0,0,0,0,1
@1273_QJNXN2_5,0,0,0,0,0,0
@1274_QJNXN2_5,0,0,0,0,1,0
@1275_QJNXN2_5,0,0,0,0,1,0
@1276_QJNXN2_5,0,0,0,0,0,1
@1277_QJNXN2_5,0,0,0,0,1,0
@1278_QJNXN2_5,0,0,0,0,1,0
@1279_QJNXN2_5,0,0,0,0,1,0
@1280_QJNXN2_5,0,0,0,0,2,0
@1281_QJNXN2_5,0,0,0,0,1,0
@1282_QJNXN2_5,0,0,0,0,0,1
@1283_QJNXN2_5,0,0,0,0,0,1
@1284_QJNXN2_5,0,0,0,0,0,1
@1285_QJNXN2_5,1,0,1,0,0,0
@1286_QJNXN2_5,0,0,0,0,0,1
@1287_QJNXN2_5,0,0,0,0,0,0
@1288_QJNXN2_5,0,0,0,0,2,0
@1289_QJNXN2_5,0,0,0,0,0,1
@1290_QJNXN2_5,0,0,0,0,0,1
@1291_QJNXN2_5,0,0,0,0,1,0
@1292_QJNXN2_5,0,0,0,0,1,0
@1293_QJNXN2_5,0,0,0,0,1,0
@1294_QJNXN2_5,0,0,0,0,0,0
@1295_QJNXN2_5,0,0,0,0,1,0
@1296_QJNXN2_5,0,0,0,0,1,0
@1297_QJNXN2_5,0,0,0,0,1,0
@1298_QJNXN2_5,0,0,0,0,1,0
@1299_QJNXN2_5,0,0,0,0,0,1
@1300_QJNXN2_5,0,0,0,0,0,1
@1301_QJNXN2_5,0,0,0,0,1,0
@1302_QJNXN2_5,0,0,0,0,1,0
@1303_QJNXN2_5,0,0,0,0,1,0
@1304_QJNXN2_5,0,0,0,0,1,0
@1305_QJNXN2_5,0,0,0,0,0,0
@1306_QJNXN2_5,0,0,0,0,0,1
@1307_QJNXN2_5,0,0,0,0,1,0
@1308_QJNXN2_5,0,0,0,0,0,0
@1309_QJNXN2_5,0,0,0,0,0,1
@1310_QJNXN2_5,0,0,0,0,0,0
@1311_QJNXN2_5,0,0,0,0,1,0
@1312_QJNXN2_5,0,0,0,0,0,1
@1313_QJNXN2_5,0,0,0,0,1,0
@1314_QJNXN2_5,0,0,0,0,0,1
@1315_QJNXN2_5,0,0,0,0,0,1
@1316_QJNXN2_5,0,0,0,0,0,1
@1317_QJNXN2_5,0,2,0,3,0,0
@1318_QJNXN2_5,0,0,0,0,1,0
@1319_QJNXN2_5,0,0,0,0,0,1
@1320_QJNXN2_5,0,0,0,0,1,0
@1321_QJNXN2_5,0,0,0,0,1,0
@1322_QJNXN2_5,0,0,0,0,0,1
@1323_QJNXN2_5,0,0,0,0,0,0
@1324_QJNXN2_5,0,0,0,0,1,0
@1325_QJNXN2_5,0,1,0,1,0,0
@1326_QJNXN2_5,0,0,0,0,0,1
@1327_QJNXN2_5,0,0,0,0,1,0
@1328_QJNXN2_5,0,0,0,0,0,0
@1329_QJNXN2_5,0,0,0,0,0,0
@1330_QJNXN2_5,0,0,0,0,1,0
@1331_QJNXN2_5,0,0,0,0,0,1
@1332_QJNXN2_5,0,0,0,0,0,1
@1333_QJNXN2_5,0,0,0,0,1,0
@1334_QJNXN2_5,0,0,0,0,1,0
@1335_QJNXN2_5,0,0,0,0,0,1
@1336_QJNXN2_5,0,0,0,0,0,1
@1337_QJNXN2_5,0,0,0,0,0,1
@1338_QJNXN2_5,0,0,0,0,0,0
@1339_QJNXN2_5,0,0,0,0,0,1
@1340_QJNXN2_5,0,0,0,0,0,0
@1341_QJNXN2_5,0,0,0,0,0,1
@1342_QJNXN2_5,0,0,0,0,0,0
@1343_QJNXN2_5,0,0,0,0,0,1
@1344_QJNXN2_5,0,0,0,0,0,0
@1345_QJNXN2_5,0,0,0,0,1,0
@1346_QJNXN2_5,0,0,0,0,0,1
@1347_QJNXN2_5,0,0,0,0,1,0
@1348_QJNXN2_5,0,0,0,0,1,0
@1349_QJNXN2_5,0,0,0,0,0,1
@1350_QJNXN2_5,0,0,0,0,0,1
@1351_QJNXN2_5,0,0,0,0,0,1
@1352_QJNXN2_5,0,0,0,0,1,0
@1353_QJNXN2_5,0,0,0,0,1,0
@1354_QJNXN2_5,0,0,0,0,0,1
@1355_QJNXN2_5,0,0,0,0,1,0
@1356_QJNXN2_5,0,0,0,0,1,0
@1357_QJNXN2_5,0,0,0,0,1,0
@1358_QJNXN2_5,1,0,1,0,0,0
@1359_QJNXN2_5,0,0,0,0,0,1
@1360_QJNXN2_5,0,0,0,0,0,1
@1361_QJNXN2_5,0,0,0,0,1,0
@1362_QJNXN2_5,0,0,0,0,1,0
@1363_QJNXN2_5,0,0,0,0,0,1
@1364_QJNXN2_5,0,0,0,0,0,1
@1365_QJNXN2_5,0,0,0,0,1,0
@1366_QJNXN2_5,0,0,0,0,0,1
@1367_QJNXN2_5,0,0,0,0,0,0
@1368_QJNXN2_5,0,0,0,0,0,1
@1369_QJNXN2_5,0,0,0,0,0,1
@1370_QJNXN2_5,0,0,0,0,1,0
@1371_QJNXN2_5,0,0,0,0,0,1
@1372_QJNXN2_5,0,0,0,0,0,1
@1373_QJNXN2_5,0,0,0,0,0,1
@1374_QJNXN2_5,0,0,0,0,1,0
@1375_QJNXN2_5,0,0,0,0,1,0
@1376_QJNXN2_5,0,0,0,0,1,0
@1377_QJNXN2_5,0,0,0,0,1,0
@1378_QJNXN2_5,0,0,0,0,0,0
@1379_QJNXN2_5,2,0,1,0,1,0
@1380_QJNXN2_5,0,0,0,0,0,1
@1381_QJNXN2_5,0,0,0,0,1,0
@1382_QJNXN2_5,0,0,0,0,0,0
@1383_QJNXN2_5,0,0,0,0,1,0
@1384_QJNXN2_5,0,0,0,0,1,0
@1385_QJNXN2_5,0,0,0,0,0,1
@1386_QJNXN2_5,0,0,0,0,0,1
@1387_QJNXN2_5,0,0,0,0,0,1
@1388_QJNXN2_5,0,0,0,0,1,0
@1389_QJNXN2_5,0,0,0,0,1,0
@1390_QJNXN2_5,0,0,0,0,0,1
@1391_QJNXN2_5,0,0,0,0,0,1
@1392_QJNXN2_5,0,0,0,0,0,0
@1393_QJNXN2_5,0,0,0,0,0,0
@1394_QJNXN2_5,0,0,0,0,1,0
@1395_QJNXN2_5,0,0,0,0,1,0
@1396_QJNXN2_5,0,0,0,0,1,0
@1397_QJNXN2_5,0,0,0,0,0,1
@1398_QJNXN2_5,0,0,0,0,0,0
@1399_QJNXN2_5,0,0,0,0,1,0
@1400_QJNXN2_5,0,0,0,0,0,0
@1401_QJNXN2_5,0,0,0,0,1,0
@1402_QJNXN2_5,0,0,0,0,0,1
@1403_QJNXN2_5,0,0,0,0,0,0
@1404_QJNXN2_5,0,0,0,0,1,0
@1405_QJNXN2_5,0,0,0,0,0,1
@1406_QJNXN2_5,0,0,0,0,1,0
@1407_QJNXN2_5,0,0,0,0,1,0
@1408_QJNXN2_5,0,0,0,0,1,0
@1409_QJNXN2_5,0,0,0,0,0,1
@1410_QJNXN2_5,0,0,0,0,0,0
@1411_QJNXN2_5,0,0,0,0,0,1
@1412_QJNXN2_5,0,0,0,0,1,0
@1413_QJNXN2_5,0,0,0,0,1,0
@1414_QJNXN2_5,0,0,0,0,0,1
@1415_QJNXN2_5,0,0,0,0,0,1
@1416_QJNXN2_5,2,0,2,0,0,0
@1417_QJNXN2_5,0,0,0,0,1,0
@1418_QJNXN2_5,0,0,0,0,0,1
@1419_QJNXN2_5,0,0,0,0,1,0
@1420_QJNXN2_5,0,0,0,0,1,0
@1421_QJNXN2_5,0,0,0,0,1,0
@1422_QJNXN2_5,0,0,0,0,0,1
@1423_QJNXN2_5,0,0,0,0,1,0
@1424_QJNXN2_5,0,0,0,0,0,0
@1425_QJNXN2_5,0,0,0,0,1,0
@1426_QJNXN2_5,0,2,0,2,0,1
@1427_QJNXN2_5,0,0,0,0,1,0
@1428_QJNXN2_5,0,0,0,0,0,1
@1429_QJNXN2_5,0,0,0,0,0,1
@1430_QJNXN2_5,0,0,0,0,1,0
@1431_QJNXN2_5,0,0,0,0,0,0
@1432_QJNXN2_5,0,0,0,0,1,0
@1433_QJNXN2_5,0,0,0,0,0,1
@1434_QJNXN2_5,0,0,0,0,0,1
@1435_QJNXN2_5,0,0,0,0,0,1
@1436_QJNXN2_5,0,0,0,0,2,0
@1437_QJNXN2_5,0,0,0,0,1,0
@1438_QJNXN2_5,1,0,1,0,0,0
@1439_QJNXN2_5,0,0,0,0,0,0
@1440_QJNXN2_5,0,0,0,1,0,0
@1441_QJNXN2_5,0,0,0,0,0,1
@1442_QJNXN2_5,0,0,0,0,1,0
@1443_QJNXN2_5,0,0,0,0,1,0
@1444_QJNXN2_5,0,0,0,0,1,0
@1445_QJNXN2_5,0,0,0,0,0,1
@1446_QJNXN2_5,0,0,0,0,1,0
@1447_QJNXN2_5,0,0,0,0,1,0
@1448_QJNXN2_5,0,0,0,0,0,1
@1449_QJNXN2_5,0,0,0,0,1,0
@1450_QJNXN2_5,0,0,0,0,1,0
@1451_QJNXN2_5,0,0,0,0,0,1
@1452_QJNXN2_5,0,0,0,0,0,1
@1453_QJNXN2_5,0,0,0,0,0,1
@1454_QJNXN2_5,0,0,0,0,0,1
@1455_QJNXN2_5,0,0,0,0,0,1
@1456_QJNXN2_5,0,0,0,0,0,0
@1457_QJNXN2_5,0,0,0,0,1,0
@1458_QJNXN2_5,0,0,0,0,1,0
@1459_QJNXN2_5,0,0,0,0,1,0
@1460_QJNXN2_5,0,1,0,1,0,0
@1461_QJNXN2_5,0,0,0,0,1,0
@1462_QJNXN2_5,0,0,0,0,0,1
@1463_QJNXN2_5,0,0,0,0,0,1
@1464_QJNXN2_5,0,0,0,0,0,1
@1465_QJNXN2_5,0,0,0,0,0,1
@1466_QJNXN2_5,0,0,0,0,1,0
@1467_QJNXN2_5,0,0,0,0,1,0
@1468_QJNXN2_5,0,0,0,0,1,0
@1469_QJNXN2_5,0,0,0,0,0,1
@1470_QJNXN2_5,0,0,0,0,0,1
@1471_QJNXN2_5,0,0,0,0,0,2
@1472_QJNXN2_5,0,0,0,0,1,0
@1473_QJNXN2_5,1,0,1,0,2,0
@1474_QJNXN2_5,0,0,0,0,0,1
@1475_QJNXN2_5,0,0,0,0,0,1
@1476_QJNXN2_5,0,0,0,0,0,0
@1477_QJNXN2_5,0,0,0,0,0,0
@1478_QJNXN2_5,0,0,0,0,0,1
@1479_QJNXN2_5,0,0,0,0,1,0
@1480_QJNXN2_5,0,0,0,0,2,0
@1481_QJNXN2_5,0,0,0,0,0,0
@1482_QJNXN2_5,0,0,0,0,1,0
@1483_QJNXN2_5,0,0,0,0,0,1
@1484_QJNXN2_5,0,0,0,0,0,0
@1485_QJNXN2_5,0,1,0,1,0,0
@1486_QJNXN2_5,0,0,0,0,1,0
@1487_QJNXN2_5,1,0,1,0,0,0
@1488_QJNXN2_5,0,1,0,1,0,0
@1489_QJNXN2_5,0,0,0,0,0,1
@1490_QJNXN2_5,0,0,0,0,1,0
@1491_QJNXN2_5,0,0,0,0,0,1
@1492_QJNXN2_5,0,0,0,0,0,1
@1493_QJNXN2_5,0,0,0,0,0,1
@1494_QJNXN2_5,0,0,0,0,0,1
@1495_QJNXN2_5,0,1,0,1,0,0
@1496_QJNXN2_5,0,0,0,0,0,0
@1497_QJNXN2_5,0,0,0,0,1,0
@1498_QJNXN2_5,0,0,0,0,1,0
@1499_QJNXN2_5,0,0,0,0,0,1
@1500_QJNXN2_5,0,0,0,0,0,0
@1501_QJNXN2_5,0,0,0,0,0,1
@1502_QJNXN2_5,0,0,0,0,1,0
@1503_QJNXN2_5,0,0,0,0,0,1
@1504_QJNXN2_5,0,0,0,0,1,0
@1505_QJNXN2_5,0,0,0,0,1,0
@1506_QJNXN2_5,0,0,1,0,0,0
@1507_QJNXN2_5,0,0,0,0,0,1
@1508_QJNXN2_5,0,0,0,0,1,0
@1509_QJNXN2_5,0,0,0,0,1,0
@1510_QJNXN2_5,0,0,0,0,1,0
@1511_QJNXN2_5,0,0,0,0,0,1
@1512_QJNXN2_5,0,0,0,0,1,0
@1513_QJNXN2_5,0,0,0,0,1,0
@1514_QJNXN2_5,0,0,0,0,1,0
@1515_QJNXN2_5,0,1,0,1,0,0
@1516_QJNXN2_5,0,0,0,0,0,1
@1517_QJNXN2_5,0,0,0,0,1,0
@1518_QJNXN2_5,0,0,0,0,1,0
@1519_QJNXN2_5,0,0,0,0,0,1
@1520_QJNXN2_5,0,0,0,0,1,0
@1521_QJNXN2_5,0,0,0,0,1,0
@1522_QJNXN2_5,0,0,0,0,0,0
@1523_QJNXN2_5,0,0,0,0,0,1
@1524_QJNXN2_5,0,0,0,0,0,1
@1525_QJNXN2_5,0,0,0,0,0,1
@1526_QJNXN2_5,0,0,0,0,1,0
@1527_QJNXN2_5,0,0,0,0,0,0
@1528_QJNXN2_5,1,0,1,0,1,0
@1529_QJNXN2_5,0,0,0,0,0,1
@1530_QJNXN2_5,0,0,0,0,0,1
@1531_QJNXN2_5,0,0,0,0,1,0
@1532_QJNXN2_5,0,0,0,0,0,1
@1533_QJNXN2_5,0,0,0,0,0,0
@1534_QJNXN2_5,0,0,0,0,0,1
@1535_QJNXN2_5,0,0,0,0,1,0
@1536_QJNXN2_5,0,0,0,0,0,1
@1537_QJNXN2_5,0,0,0,2,0,1
@1538_QJNXN2_5,0,1,0,1,0,0
@1539_QJNXN2_5,0,0,0,0,0,0
@1540_QJNXN2_5,0,0,0,0,0,1
@1541_QJNXN2_5,0,0,0,0,0,0
@1542_QJNXN2_5,0,0,0,0,0,1
@1543_QJNXN2_5,0,0,0,0,0,0
@1544_QJNXN2_5,0,0,0,0,0,1
@1545_QJNXN2_5,0,0,0,0,0,1
@1546_QJNXN2_5,0,0,0,0,0,1
@1547_QJNXN2_5,0,0,0,0,0,1
@1548_QJNXN2_5,0,0,0,0,1,0
@1549_QJNXN2_5,0,0,0,0,1,0
@1550_QJNXN2_5,0,0,0,0,1,0
@1551_QJNXN2_5,0,1,0,1,0,0
@1552_QJNXN2_5,0,0,0,0,0,1
@1553_QJNXN2_5,0,0,0,0,1,0
@1554_QJNXN2_5,0,0,0,0,1,0
@1555_QJNXN2_5,0,0,0,0,0,1
@1556_QJNXN2_5,0,0,0,0,0,1
@1557_QJNXN2_5,0,0,0,0,0,0
@1558_QJNXN2_5,0,0,0,0,0,1
@1559_QJNXN2_5,0,0,0,0,1,0
@1560_QJNXN2_5,0,0,0,0,1,0
@1561_QJNXN2_5,0,0,1,0,1,0
@1562_QJNXN2_5,1,0,1,0,1,0
@1563_QJNXN2_5,0,0,0,0,0,1
@1564_QJNXN2_5,0,0,0,0,0,0
@1565_QJNXN2_5,0,0,0,0,0,1
@1566_QJNXN2_5,0,0,0,0,0,0
@1567_QJNXN2_5,0,0,0,0,0,1
@1568_QJNXN2_5,0,0,0,0,0,0
@1569_QJNXN2_5,0,0,0,0,0,1
@1570_QJNXN2_5,0,0,0,0,1,0
@1571_QJNXN2_5,2,0,2,0,1,0
@1572_QJNXN2_5,0,0,0,0,0,1
@1573_QJNXN2_5,0,0,0,0,1,0
@1574_QJNXN2_5,0,0,0,0,1,0
@1575_QJNXN2_5,0,0,0,0,0,0
@1576_QJNXN2_5,0,0,0,0,1,0
@1577_QJNXN2_5,1,0,1,0,1,0
@1578_QJNXN2_5,0,0,0,0,1,0
@1579_QJNXN2_5,0,0,0,0,0,0
@1580_QJNXN2_5,0,0,0,0,0,1
@1581_QJNXN2_5,0,0,0,0,0,1
@1582_QJNXN2_5,0,0,0,0,0,1
@1583_QJNXN2_5,0,0,0,0,1,0
@1584_QJNXN2_5,0,0,0,0,2,0
@1585_QJNXN2_5,0,0,0,0,0,1
@1586_QJNXN2_5,0,0,0,0,1,0
@1587_QJNXN2_5,0,0,0,0,1,0
@1588_QJNXN2_5,0,0,0,0,1,0
@1589_QJNXN2_5,0,0,0,0,1,0
@1590_QJNXN2_5,1,0,1,0,1,0
@1591_QJNXN2_5,0,0,0,0,1,0
@1592_QJNXN2_5,0,0,0,0,1,0
@1593_QJNXN2_5,0,0,0,0,1,0
@1594_QJNXN2_5,0,0,0,0,1,0
@1595_QJNXN2_5,0,0,0,0,0,0
@1596_QJNXN2_5,0,0,0,0,1,0
@1597_QJNXN2_5,0,0,0,0,1,0
@1598_QJNXN2_5,0,0,0,0,1,0
@1599_QJNXN2_5,0,0,0,0,0,0
@1600_QJNXN2_5,0,0,0,0,1,0
@1601_QJNXN2_5,0,0,0,0,0,0
@1602_QJNXN2_5,0,0,0,0,0,1
@1603_QJNXN2_5,0,0,0,0,0,1
@1604_QJNXN2_5,0,0,0,0,0,1
@1605_QJNXN2_5,2,0,2,0,1,0
@1606_QJNXN2_5,0,0,0,0,1,0
@1607_QJNXN2_5,0,0,0,0,0,0
@1608_QJNXN2_5,0,0,0,0,1,0
@1609_QJNXN2_5,0,0,0,0,0,1
@1610_QJNXN2_5,0,0,0,0,1,0
@1611_QJNXN2_5,0,0,0,0,0,1
@1612_QJNXN2_5,0,0,0,0,0,0
@1613_QJNXN2_5,0,0,0,0,1,0
@1614_QJNXN2_5,0,0,0,0,0,1
@1615_QJNXN2_5,0,0,0,0,0,0
@1616_QJNXN2_5,0,0,0,0,0,1
@1617_QJNXN2_5,0,0,0,0,0,0
@1618_QJNXN2_5,0,0,0,0,0,1
@1619_QJNXN2_5,0,0,0,0,1,0
@1620_QJNXN2_5,0,0,0,0,1,0
@1621_QJNXN2_5,0,0,0,0,1,0
@1622_QJNXN2_5,0,0,0,0,0,1
@1623_QJNXN2_5,0,0,0,0,0,1
@1624_QJNXN2_5,1,0,1,0,1,0
@1625_QJNXN2_5,0,0,0,0,0,0
@1626_QJNXN2_5,0,0,0,0,1,0
@1627_QJNXN2_5,0,0,0,0,0,1
@1628_QJNXN2_5,0,0,0,0,1,0
@1629_QJNXN2_5,0,0,0,0,0,1
@1630_QJNXN2_5,0,0,0,0,0,1
@1631_QJNXN2_5,0,0,0,0,0,1
@1632_QJNXN2_5,0,0,0,0,1,0
@1633_QJNXN2_5,0,0,0,0,1,0
@1634_QJNXN2_5,0,1,0,0,0,1
@1635_QJNXN2_5,0,0,0,0,0,0
@1636_QJNXN2_5,0,0,0,0,1,0
@1637_QJNXN2_5,0,0,0,0,1,0
@1638_QJNXN2_5,0,0,0,0,0,0
@1639_QJNXN2_5,0,0,0,0,1,0
@1640_QJNXN2_5,0,0,0,0,0,0
@1641_QJNXN2_5,0,0,0,0,0,1
@1642_QJNXN2_5,0,1,0,1,0,0
@1643_QJNXN2_5,0,1,0,1,0,0
@1644_QJNXN2_5,0,0,0,0,0,1
@1645_QJNXN2_5,0,0,0,0,1,0
@1646_QJNXN2_5,0,0,0,0,0,0
@1647_QJNXN2_5,0,0,0,0,0,0
@1648_QJNXN2_5,0,0,0,0,1,0
@1649_QJNXN2_5,0,0,0,0,0,0
@1650_QJNXN2_5,0,0,0,0,1,0
@1651_QJNXN2_5,0,0,0,0,0,1
@1652_QJNXN2_5,0,0,0,0,2,0
@1653_QJNXN2_5,0,0,0,0,0,1
@1654_QJNXN2_5,0,0,0,0,0,1
@1655_QJNXN2_5,0,0,0,0,0,1
@1656_QJNXN2_5,0,0,0,0,0,1
@1657_QJNXN2_5,0,0,0,0,2,0
@1658_QJNXN2_5,0,0,0,0,1,0
@1659_QJNXN2_5,0,1,0,1,0,0
@1660_QJNXN2_5,0,0,0,0,0,1
@1661_QJNXN2_5,0,0,0,0,1,0
@1662_QJNXN2_5,0,0,0,0,1,0
@1663_QJNXN2_5,0,0,0,0,0,1
@1664_QJNXN2_5,0,0,0,0,1,0
@1665_QJNXN2_5,0,0,0,0,1,0
@1666_QJNXN2_5,0,0,0,0,0,0
@1667_QJNXN2_5,0,0,0,0,1,0
@1668_QJNXN2_5,0,0,0,0,1,0
@1669_QJNXN2_5,0,0,0,0,0,1
@1670_QJNXN2_5,0,0,0,0,0,1
@1671_QJNXN2_5,0,0,0,0,1,0
@1672_QJNXN2_5,0,0,0,0,0,1
@1673_QJNXN2_5,0,0,0,0,0,1
@1674_QJNXN2_5,0,0,0,0,0,0
@1675_QJNXN2_5,0,0,0,0,0,1
@1676_QJNXN2_5,0,0,0,0,1,0
@1677_QJNXN2_5,1,0,0,0,1,0
@1678_QJNXN2_5,0,0,0,0,1,0
@1679_QJNXN2_5,0,0,0,0,1,0
@1680_QJNXN2_5,0,0,0,0,0,0
@1681_QJNXN2_5,0,0,0,0,0,0
@1682_QJNXN2_5,0,0,0,0,0,1
@1683_QJNXN2_5,0,0,0,0,2,0
@1684_QJNXN2_5,0,0,0,0,1,0
@1685_QJNXN2_5,0,0,0,0,0,0
@1686_QJNXN2_5,0,0,0,0,0,0
@1687_QJNXN2_5,0,0,0,0,0,1
@1688_QJNXN2_5,0,0,0,0,1,0
@1689_QJNXN2_5,0,0,0,0,0,0
@1690_QJNXN2_5,0,0,0,0,0,1
@1691_QJNXN2_5,0,0,0,0,0,1
@1692_QJNXN2_5,0,0,0,0,1,0
@1693_QJNXN2_5,0,0,0,0,1,0
@1694_QJNXN2_5,0,0,0,0,1,0
@1695_QJNXN2_5,0,0,0,0,0,0
@1696_QJNXN2_5,2,0,1,0,1,0
@1697_QJNXN2_5,0,0,0,0,0,0
@1698_QJNXN2_5,0,0,0,0,1,0
@1699_QJNXN2_5,0,0,0,0,0,0
@1700_QJNXN2_5,0,0,0,0,0,1
@1701_QJNXN2_5,0,0,0,0,0,2
@1702_QJNXN2_5,0,0,0,0,0,1
@1703_QJNXN2_5,0,0,0,0,0,1
@1704_QJNXN2_5,0,0,0,0,0,1
@1705_QJNXN2_5,0,0,0,0,1,0
@1706_QJNXN2_5,0,0,0,0,1,0
@1707_QJNXN2_5,0,0,0,0,0,1
@1708_QJNXN2_5,0,0,0,0,1,0
@1709_QJNXN2_5,0,0,0,0,1,0
@1710_QJNXN2_5,0,0,0,0,1,0
@1711_QJNXN2_5,0,0,0,0,0,1
@1712_QJNXN2_5,0,0,0,0,0,1
@1713_QJNXN2_5,0,0,0,0,0,0
@1714_QJNXN2_5,0,0,0,0,1,0
@1715_QJNXN2_5,0,0,0,0,1,0
@1716_QJNXN2_5,0,0,0,0,1,0
@1717_QJNXN2_5,0,0,0,0,0,0
@1718_QJNXN2_5,0,0,0,0,0,1
@1719_QJNXN2_5,0,0,0,0,0,1
@1720_QJNXN2_5,0,0,0,0,1,0
@1721_QJNXN2_5,0,0,0,0,1,0
@1722_QJNXN2_5,0,0,0,0,1,0
@1723_QJNXN2_5,0,0,0,0,2,0
@1724_QJNXN2_5,0,0,0,0,1,0
@1725_QJNXN2_5,0,0,0,0,1,0
@1726_QJNXN2_5,0,0,0,0,0,0
@1727_QJNXN2_5,0,0,0,1,0,1
@1728_QJNXN2_5,0,0,0,0,1,0
@1729_QJNXN2_5,0,0,0,0,0,0
@1730_QJNXN2_5,0,0,0,0,0,1
@1731_QJNXN2_5,0,0,0,0,1,0
@1732_QJNXN2_5,0,0,0,0,1,0
@1733_QJNXN2_5,0,0,0,0,0,1
@1734_QJNXN2_5,0,0,0,0,0,0
@1735_QJNXN2_5,0,0,0,0,2,0
@1736_QJNXN2_5,0,0,0,0,0,1
@1737_QJNXN2_5,0,0,0,0,0,1
@1738_QJNXN2_5,0,0,0,0,0,0
@1739_QJNXN2_5,0,0,0,0,0,1
@1740_QJNXN2_5,0,0,0,0,0,1
@1741_QJNXN2_5,0,0,0,0,1,0
@1742_QJNXN2_5,0,1,0,1,0,1
@1743_QJNXN2_5,0,0,0,0,0,1
@1744_QJNXN2_5,0,0,0,0,1,0
@1745_QJNXN2_5,1,0,1,0,0,0
@1746_QJNXN2_5,0,0,1,0,0,0
@1747_QJNXN2_5,0,1,0,1,0,0
@1748_QJNXN2_5,3,0,2,0,0,0
@1749_QJNXN2_5,0,0,0,0,0,1
@1750_QJNXN2_5,0,0,0,0,0,1
@1751_QJNXN2_5,0,0,0,0,0,0
@1752_QJNXN2_5,0,0,0,0,1,0
@1753_QJNXN2_5,0,0,0,0,0,1
@1754_QJNXN2_5,0,0,0,0,0,1
@1755_QJNXN2_5,0,0,0,0,1,0
@1756_QJNXN2_5,0,0,0,0,0,0
@1757_QJNXN2_5,0,0,0,0,0,1
@1758_QJNXN2_5,0,0,0,0,1,0
@1759_QJNXN2_5,0,0,0,0,0,0
@1760_QJNXN2_5,0,0,0,0,0,1
@1761_QJNXN2_5,0,0,0,0,0,1
@1762_QJNXN2_5,0,0,0,0,0,0
@1763_QJNXN2_5,0,0,0,0,0,0
@1764_QJNXN2_5,0,0,0,0,1,0
@1765_QJNXN2_5,0,0,0,0,0,1
@1766_QJNXN2_5,0,0,0,0,0,0
@1767_QJNXN2_5,0,0,0,0,0,1
@1768_QJNXN2_5,0,0,0,0,1,0
@1769_QJNXN2_5,0,0,0,0,1,0
@1770_QJNXN2_5,0,0,0,0,1,0
@1771_QJNXN2_5,0,0,0,0,0,1
@1772_QJNXN2_5,0,0,0,0,0,1
@1773_QJNXN2_5,0,0,0,0,0,1
@1774_QJNXN2_5,0,0,0,0,1,0
@1775_QJNXN2_5,0,0,0,0,1,0
@1776_QJNXN2_5,0,0,0,0,1,0
@1777_QJNXN2_5,0,0,0,0,0,1
@1778_QJNXN2_5,0,0,0,0,0,1
@1779_QJNXN2_5,0,0,0,0,1,0
@1780_QJNXN2_5,0,0,0,0,0,1
@1781_QJNXN2_5,0,0,0,0,1,0
@1782_QJNXN2_5,0,0,0,0,0,2
@1783_QJNXN2_5,0,0,0,0,0,1
@1784_QJNXN2_5,0,0,0,0,3,0
@1785_QJNXN2_5,0,0,0,0,0,0
@1786_QJNXN2_5,0,0,0,0,0,0
@1787_QJNXN2_5,0,0,0,0,0,0
@1788_QJNXN2_5,0,0,0,0,1,0
@1789_QJNXN2_5,0,0,0,0,1,0
@1790_QJNXN2_5,0,0,0,0,1,0
@1791_QJNXN2_5,0,0,0,0,0,1
@1792_QJNXN2_5,0,0,0,0,1,0
@1793_QJNXN2_5,0,0,0,0,0,1
@1794_QJNXN2_5,0,0,0,0,0,1
@1795_QJNXN2_5,0,0,0,0,1,0
@1796_QJNXN2_5,0,0,0,0,0,1
@1797_QJNXN2_5,0,0,0,0,0,1
@1798_QJNXN2_5,0,0,0,0,0,1
@1799_QJNXN2_5,0,0,0,0,2,0
@1800_QJNXN2_5,0,0,0,0,0,1
@1801_QJNXN2_5,0,0,0,0,0,0
@1802_QJNXN2_5,0,0,0,0,0,1
@1803_QJNXN2_5,0,0,0,0,0,1
@1804_QJNXN2_5,0,0,0,0,0,0
@1805_QJNXN2_5,0,0,0,0,0,0
@1806_QJNXN2_5,0,0,0,0,0,0
@1807_QJNXN2_5,0,0,0,0,0,1
@1808_QJNXN2_5,0,0,0,0,0,1
@1809_QJNXN2_5,0,0,0,0,0,0
@1810_QJNXN2_5,0,0,0,0,0,0
@1811_QJNXN2_5,0,0,0,0,0,0
@1812_QJNXN2_5,0,0,0,0,1,0
@1813_QJNXN2_5,0,0,0,0,1,0
@1814_QJNXN2_5,0,0,0,0,1,0
@1815_QJNXN2_5,0,0,0,0,0,0
@1816_QJNXN2_5,0,0,0,0,0,1
@1817_QJNXN2_5,0,0,0,0,1,0
@1818_QJNXN2_5,0,0,0,0,1,0
@1819_QJNXN2_5,0,0,0,0,1,0
@1820_QJNXN2_5,0,0,0,0,1,0
@1821_QJNXN2_5,0,0,0,0,1,0
@1822_QJNXN2_5,0,0,0,0,1,0
@1823_QJNXN2_5,0,0,0,0,0,1
@1824_QJNXN2_5,0,0,0,0,0,1
@1825_QJNXN2_5,0,0,0,0,0,2
@1826_QJNXN2_5,0,0,0,0,0,0
