Header,GATCTGGTCCTCTGATCCGA,TCGGATCAGAGGACCAGATC,CTATCGGTAACGCATTCGCC,GGCGAATGCGTTACCGATAG,CTAGGGATAACAGGGTAATG,CATTACCCTGTTATCCCTAG,,,,,,,
@0_ZRP74N_4,0,1,0,1,0,0,,0,1,0,1,0,0
@1_ZRP74N_4,0,1,0,1,0,0,,0,1,0,1,0,0
@2_ZRP74N_4,1,0,1,0,0,0,,1,0,1,0,0,0
@3_ZRP74N_4,0,0,0,0,0,1,,0,0,0,0,0,1
@4_ZRP74N_4,0,1,0,1,0,0,,0,1,0,1,0,0
@5_ZRP74N_4,1,0,1,0,0,0,,1,0,1,0,0,0
@6_ZRP74N_4,0,1,0,1,0,0,,0,1,0,1,0,0
@7_ZRP74N_4,0,0,0,0,0,1,,0,0,0,0,0,1
@8_ZRP74N_4,0,0,0,0,1,0,,0,0,0,0,1,0
@9_ZRP74N_4,1,0,1,0,0,0,,1,0,1,0,0,0
@10_ZRP74N_4,1,0,1,0,0,0,,1,0,1,0,0,0
@11_ZRP74N_4,1,0,1,0,0,0,,1,0,1,0,0,0
@12_ZRP74N_4,1,0,1,0,0,0,,1,0,1,0,0,0
@13_ZRP74N_4,1,0,1,0,0,0,,1,0,1,0,0,0
@14_ZRP74N_4,0,0,0,0,0,0,,0,0,0,0,0,0
@15_ZRP74N_4,1,0,1,0,0,0,,1,0,1,0,0,0
@16_ZRP74N_4,1,0,1,0,0,0,,1,0,1,0,0,0
@17_ZRP74N_4,0,1,0,1,0,0,,0,1,0,1,0,0
@18_ZRP74N_4,0,1,0,1,0,0,,0,1,0,1,0,0
@19_ZRP74N_4,1,0,1,0,0,0,,1,0,1,0,0,0
@20_ZRP74N_4,1,0,1,0,0,0,,1,0,1,0,0,0
@21_ZRP74N_4,0,1,0,1,0,0,,0,1,0,1,0,0
@22_ZRP74N_4,0,1,0,1,0,0,,0,1,0,1,0,0
@23_ZRP74N_4,0,1,0,1,0,0,,0,1,0,1,0,0
@24_ZRP74N_4,0,1,0,1,0,0,,0,1,0,1,0,0
@25_ZRP74N_4,0,0,0,1,0,0,,0,0,0,1,0,0
@26_ZRP74N_4,0,0,0,1,0,0,,0,0,0,1,0,0
@27_ZRP74N_4,0,0,1,0,0,0,,0,0,1,0,0,0
@28_ZRP74N_4,0,0,0,0,0,0,,0,0,0,0,0,0
@29_ZRP74N_4,1,0,1,0,0,0,,1,0,1,0,0,0
@30_ZRP74N_4,1,0,1,0,0,0,,1,0,1,0,0,0
@31_ZRP74N_4,0,0,0,0,0,0,,0,0,0,0,0,0
@32_ZRP74N_4,1,0,0,0,0,0,,1,0,0,0,0,0
@33_ZRP74N_4,1,0,1,0,0,0,,1,0,1,0,0,0
@34_ZRP74N_4,1,0,1,0,0,0,,1,0,1,0,0,0
@35_ZRP74N_4,1,0,0,0,0,0,,1,0,0,0,0,0
@36_ZRP74N_4,0,1,0,1,0,0,,0,1,0,1,0,0
@37_ZRP74N_4,0,1,0,1,0,0,,0,1,0,1,0,0
@38_ZRP74N_4,1,0,0,0,0,0,,1,0,0,0,0,0
@39_ZRP74N_4,0,0,0,0,1,0,,0,0,0,0,1,0
@40_ZRP74N_4,1,0,1,0,0,0,,1,0,1,0,0,0
@41_ZRP74N_4,1,0,0,0,0,0,,1,0,0,0,0,0
@42_ZRP74N_4,0,1,0,1,0,0,,0,1,0,1,0,0
@43_ZRP74N_4,1,0,1,0,0,0,,1,0,1,0,0,0
@44_ZRP74N_4,1,0,0,0,0,0,,1,0,0,0,0,0
@45_ZRP74N_4,0,1,0,1,0,0,,0,1,0,1,0,0
@46_ZRP74N_4,0,1,0,1,0,0,,0,1,0,1,0,0
@47_ZRP74N_4,0,1,0,1,0,0,,0,1,0,1,0,0
@48_ZRP74N_4,1,0,1,0,0,0,,1,0,1,0,0,0
@49_ZRP74N_4,0,0,0,0,0,0,,0,0,0,0,0,0
@50_ZRP74N_4,0,0,0,0,0,0,,0,0,0,0,0,0
@51_ZRP74N_4,0,1,0,1,0,0,,0,1,0,1,0,0
@52_ZRP74N_4,1,0,1,0,0,0,,1,0,1,0,0,0
@53_ZRP74N_4,0,1,0,1,0,0,,0,1,0,1,0,0
@54_ZRP74N_4,1,0,1,0,0,0,,1,0,1,0,0,0
@55_ZRP74N_4,0,0,0,1,0,0,,0,0,0,1,0,0
@56_ZRP74N_4,0,0,0,0,0,0,,0,0,0,0,0,0
@57_ZRP74N_4,0,1,0,1,0,0,,0,1,0,1,0,0
@58_ZRP74N_4,0,0,0,1,0,0,,0,0,0,1,0,0
@59_ZRP74N_4,0,0,1,0,0,0,,0,0,1,0,0,0
@60_ZRP74N_4,1,0,1,0,0,0,,1,0,1,0,0,0
@61_ZRP74N_4,0,1,0,1,0,0,,0,1,0,1,0,0
@62_ZRP74N_4,1,0,1,0,0,0,,1,0,1,0,0,0
@63_ZRP74N_4,0,0,0,0,0,0,,0,0,0,0,0,0
@64_ZRP74N_4,0,1,0,1,0,0,,0,1,0,1,0,0
@65_ZRP74N_4,0,1,0,1,0,0,,0,1,0,1,0,0
@66_ZRP74N_4,0,0,1,0,0,0,,0,0,1,0,0,0
@67_ZRP74N_4,0,1,0,1,0,0,,0,1,0,1,0,0
@68_ZRP74N_4,1,0,1,0,0,0,,1,0,1,0,0,0
@69_ZRP74N_4,0,1,0,1,0,0,,0,1,0,1,0,0
@70_ZRP74N_4,1,0,1,0,0,0,,1,0,1,0,0,0
@71_ZRP74N_4,0,1,0,1,0,0,,0,1,0,1,0,0
@72_ZRP74N_4,0,0,1,0,0,0,,0,0,1,0,0,0
@73_ZRP74N_4,1,0,1,0,0,0,,1,0,1,0,0,0
@74_ZRP74N_4,0,0,0,0,0,0,,0,0,0,0,0,0
@75_ZRP74N_4,1,0,0,0,0,0,,1,0,0,0,0,0
@76_ZRP74N_4,0,0,0,1,0,0,,0,0,0,1,0,0
@77_ZRP74N_4,0,0,0,1,0,0,,0,0,0,1,0,0
@78_ZRP74N_4,1,0,1,0,0,0,,1,0,1,0,0,0
@79_ZRP74N_4,0,1,0,0,0,0,,0,1,0,0,0,0
@80_ZRP74N_4,0,1,0,1,0,0,,0,1,0,1,0,0
@81_ZRP74N_4,0,1,0,1,0,0,,0,1,0,1,0,0
@82_ZRP74N_4,1,0,1,0,0,0,,1,0,1,0,0,0
@83_ZRP74N_4,0,1,0,1,0,0,,0,1,0,1,0,0
@84_ZRP74N_4,0,1,0,1,0,0,,0,1,0,1,0,0
@85_ZRP74N_4,1,0,1,0,0,0,,1,0,1,0,0,0
@86_ZRP74N_4,0,1,0,1,0,0,,0,1,0,1,0,0
@87_ZRP74N_4,1,0,1,0,0,0,,1,0,1,0,0,0
@88_ZRP74N_4,0,1,0,1,0,0,,0,1,0,1,0,0
@89_ZRP74N_4,0,0,0,0,0,0,,0,0,0,0,0,0
@90_ZRP74N_4,0,0,0,0,0,0,,0,0,0,0,0,0
@91_ZRP74N_4,0,0,0,0,0,0,,0,0,0,0,0,0
@92_ZRP74N_4,1,0,1,0,0,0,,1,0,1,0,0,0
@93_ZRP74N_4,1,0,1,0,0,0,,1,0,1,0,0,0
@94_ZRP74N_4,1,0,1,0,0,0,,1,0,1,0,0,0
@95_ZRP74N_4,1,0,1,0,0,0,,1,0,1,0,0,0
@96_ZRP74N_4,0,1,0,1,0,0,,0,1,0,1,0,0
@97_ZRP74N_4,1,0,1,0,0,0,,1,0,1,0,0,0
@98_ZRP74N_4,0,0,0,1,0,0,,0,0,0,1,0,0
@99_ZRP74N_4,0,1,0,1,0,0,,0,1,0,1,0,0
@100_ZRP74N_4,1,0,1,0,0,0,,1,0,1,0,0,0
@101_ZRP74N_4,0,1,0,1,0,0,,0,1,0,1,0,0
@102_ZRP74N_4,0,1,0,1,0,0,,0,1,0,1,0,0
@103_ZRP74N_4,0,1,0,1,0,0,,0,1,0,1,0,0
@104_ZRP74N_4,0,0,0,1,0,0,,0,0,0,1,0,0
@105_ZRP74N_4,0,0,1,0,0,0,,0,0,1,0,0,0
@106_ZRP74N_4,0,1,0,1,0,0,,0,1,0,1,0,0
@107_ZRP74N_4,0,1,0,1,0,0,,0,1,0,1,0,0
@108_ZRP74N_4,0,0,0,1,0,0,,0,0,0,1,0,0
@109_ZRP74N_4,0,0,0,1,0,0,,0,0,0,1,0,0
@110_ZRP74N_4,0,0,0,0,0,0,,0,0,0,0,0,0
@111_ZRP74N_4,0,0,0,1,0,0,,0,0,0,1,0,0
@112_ZRP74N_4,1,0,1,0,0,0,,1,0,1,0,0,0
@113_ZRP74N_4,0,1,0,1,0,0,,0,1,0,1,0,0
@114_ZRP74N_4,0,0,0,1,0,0,,0,0,0,1,0,0
@115_ZRP74N_4,0,1,0,1,0,0,,0,1,0,1,0,0
@116_ZRP74N_4,1,0,1,0,0,0,,1,0,1,0,0,0
@117_ZRP74N_4,0,0,1,0,0,0,,0,0,1,0,0,0
@118_ZRP74N_4,0,1,0,1,0,0,,0,1,0,1,0,0
@119_ZRP74N_4,1,0,1,0,0,0,,1,0,1,0,0,0
@120_ZRP74N_4,0,0,1,0,0,0,,0,0,1,0,0,0
@121_ZRP74N_4,1,0,1,0,0,0,,1,0,1,0,0,0
@122_ZRP74N_4,1,0,1,0,0,0,,1,0,1,0,0,0
@123_ZRP74N_4,0,1,0,1,0,0,,0,1,0,1,0,0
@124_ZRP74N_4,1,0,1,0,0,0,,1,0,1,0,0,0
@125_ZRP74N_4,0,1,0,0,0,0,,0,1,0,0,0,0
@126_ZRP74N_4,1,0,1,0,0,0,,1,0,1,0,0,0
@127_ZRP74N_4,0,0,0,0,0,0,,0,0,0,0,0,0
@128_ZRP74N_4,0,1,0,1,0,0,,0,1,0,1,0,0
@129_ZRP74N_4,1,0,1,0,0,0,,1,0,1,0,0,0
@130_ZRP74N_4,1,0,1,0,0,0,,1,0,1,0,0,0
@131_ZRP74N_4,1,0,1,0,0,0,,1,0,1,0,0,0
@132_ZRP74N_4,1,0,1,0,0,0,,1,0,1,0,0,0
@133_ZRP74N_4,0,0,0,1,0,0,,0,0,0,1,0,0
@134_ZRP74N_4,0,1,0,1,0,0,,0,1,0,1,0,0
@135_ZRP74N_4,0,1,0,1,0,0,,0,1,0,1,0,0
@136_ZRP74N_4,0,1,0,1,0,0,,0,1,0,1,0,0
@137_ZRP74N_4,1,0,0,0,0,0,,1,0,0,0,0,0
@138_ZRP74N_4,0,0,0,1,0,0,,0,0,0,1,0,0
@139_ZRP74N_4,0,0,0,0,0,1,,0,0,0,0,0,1
@140_ZRP74N_4,1,0,1,0,0,0,,1,0,1,0,0,0
@141_ZRP74N_4,1,0,1,0,0,0,,1,0,1,0,0,0
@142_ZRP74N_4,1,0,1,0,0,0,,1,0,1,0,0,0
@143_ZRP74N_4,1,0,1,0,0,0,,1,0,1,0,0,0
@144_ZRP74N_4,1,0,1,0,0,0,,1,0,1,0,0,0
@145_ZRP74N_4,0,1,0,1,0,0,,0,1,0,1,0,0
@146_ZRP74N_4,0,0,0,0,0,0,,0,0,0,0,0,0
@147_ZRP74N_4,0,1,0,1,0,0,,0,1,0,1,0,0
@148_ZRP74N_4,1,0,1,0,0,0,,1,0,1,0,0,0
@149_ZRP74N_4,0,0,0,1,0,0,,0,0,0,1,0,0
@150_ZRP74N_4,0,0,0,0,1,0,,0,0,0,0,1,0
@151_ZRP74N_4,0,0,0,1,0,0,,0,0,0,1,0,0
@152_ZRP74N_4,1,0,1,0,0,0,,1,0,1,0,0,0
@153_ZRP74N_4,0,0,0,1,0,0,,0,0,0,1,0,0
@154_ZRP74N_4,0,0,1,0,0,0,,0,0,1,0,0,0
@155_ZRP74N_4,0,1,0,1,0,0,,0,1,0,1,0,0
@156_ZRP74N_4,1,0,0,0,0,0,,1,0,0,0,0,0
@157_ZRP74N_4,0,1,0,0,0,0,,0,1,0,0,0,0
@158_ZRP74N_4,0,1,0,1,0,0,,0,1,0,1,0,0
@159_ZRP74N_4,0,0,0,1,0,0,,0,0,0,1,0,0
@160_ZRP74N_4,1,0,1,0,0,0,,1,0,1,0,0,0
@161_ZRP74N_4,0,1,0,1,0,0,,0,1,0,1,0,0
@162_ZRP74N_4,1,0,1,0,0,0,,1,0,1,0,0,0
@163_ZRP74N_4,1,0,1,0,0,0,,1,0,1,0,0,0
@164_ZRP74N_4,0,1,0,1,0,0,,0,1,0,1,0,0
@165_ZRP74N_4,0,1,0,1,0,0,,0,1,0,1,0,0
@166_ZRP74N_4,0,1,0,1,0,0,,0,1,0,1,0,0
@167_ZRP74N_4,1,0,1,0,0,0,,1,0,1,0,0,0
@168_ZRP74N_4,1,0,1,0,0,0,,1,0,1,0,0,0
@169_ZRP74N_4,0,0,0,1,0,0,,0,0,0,1,0,0
@170_ZRP74N_4,0,0,0,0,0,0,,0,0,0,0,0,0
@171_ZRP74N_4,0,0,0,1,0,0,,0,0,0,1,0,0
@172_ZRP74N_4,0,1,0,1,0,0,,0,1,0,1,0,0
@173_ZRP74N_4,1,0,1,0,0,0,,1,0,1,0,0,0
@174_ZRP74N_4,1,0,1,0,0,0,,1,0,1,0,0,0
@175_ZRP74N_4,0,0,0,0,0,0,,0,0,0,0,0,0
@176_ZRP74N_4,1,0,1,0,0,0,,1,0,1,0,0,0
@177_ZRP74N_4,0,1,0,1,0,0,,0,1,0,1,0,0
@178_ZRP74N_4,1,0,1,0,0,0,,1,0,1,0,0,0
@179_ZRP74N_4,1,0,1,0,0,0,,1,0,1,0,0,0
@180_ZRP74N_4,0,0,0,1,0,0,,0,0,0,1,0,0
@181_ZRP74N_4,0,0,1,0,0,0,,0,0,1,0,0,0
@182_ZRP74N_4,1,0,1,0,0,0,,1,0,1,0,0,0
@183_ZRP74N_4,1,0,1,0,0,0,,1,0,1,0,0,0
@184_ZRP74N_4,1,0,1,0,0,0,,1,0,1,0,0,0
@185_ZRP74N_4,0,1,0,1,0,0,,0,1,0,1,0,0
@186_ZRP74N_4,0,1,0,1,0,0,,0,1,0,1,0,0
@187_ZRP74N_4,0,1,0,1,0,0,,0,1,0,1,0,0
@188_ZRP74N_4,1,0,1,0,0,0,,1,0,1,0,0,0
@189_ZRP74N_4,1,0,1,0,0,0,,1,0,1,0,0,0
@190_ZRP74N_4,0,1,0,1,0,0,,0,1,0,1,0,0
@191_ZRP74N_4,1,0,1,0,0,0,,1,0,1,0,0,0
@192_ZRP74N_4,0,1,0,1,0,0,,0,1,0,1,0,0
@193_ZRP74N_4,0,0,0,1,0,0,,0,0,0,1,0,0
@194_ZRP74N_4,0,1,0,1,0,0,,0,1,0,1,0,0
@195_ZRP74N_4,1,0,1,0,0,0,,1,0,1,0,0,0
@196_ZRP74N_4,0,1,0,1,0,0,,0,1,0,1,0,0
@197_ZRP74N_4,0,1,0,1,0,0,,0,1,0,1,0,0
@198_ZRP74N_4,0,0,0,0,0,0,,0,0,0,0,0,0
@199_ZRP74N_4,0,0,0,1,0,0,,0,0,0,1,0,0
@200_ZRP74N_4,1,0,1,0,0,0,,1,0,1,0,0,0
@201_ZRP74N_4,0,1,0,1,0,0,,0,1,0,1,0,0
@202_ZRP74N_4,0,1,0,1,0,0,,0,1,0,1,0,0
@203_ZRP74N_4,1,0,1,0,0,0,,1,0,1,0,0,0
@204_ZRP74N_4,0,1,0,1,0,0,,0,1,0,1,0,0
@205_ZRP74N_4,0,0,0,1,0,0,,0,0,0,1,0,0
@206_ZRP74N_4,1,0,1,0,0,0,,1,0,1,0,0,0
@207_ZRP74N_4,0,1,0,1,0,0,,0,1,0,1,0,0
@208_ZRP74N_4,1,0,1,0,0,0,,1,0,1,0,0,0
@209_ZRP74N_4,0,0,0,1,0,0,,0,0,0,1,0,0
@210_ZRP74N_4,1,0,1,0,0,0,,1,0,1,0,0,0
@211_ZRP74N_4,0,1,0,1,0,0,,0,1,0,1,0,0
@212_ZRP74N_4,1,0,1,0,0,0,,1,0,1,0,0,0
@213_ZRP74N_4,0,0,0,1,0,0,,0,0,0,1,0,0
@214_ZRP74N_4,1,0,1,0,0,0,,1,0,1,0,0,0
@215_ZRP74N_4,1,0,1,0,0,0,,1,0,1,0,0,0
@216_ZRP74N_4,0,1,0,0,0,0,,0,1,0,0,0,0
@217_ZRP74N_4,1,0,1,0,0,0,,1,0,1,0,0,0
@218_ZRP74N_4,0,0,1,0,0,0,,0,0,1,0,0,0
@219_ZRP74N_4,1,0,1,0,0,0,,1,0,1,0,0,0
@220_ZRP74N_4,0,1,0,1,0,0,,0,1,0,1,0,0
@221_ZRP74N_4,0,1,0,1,0,0,,0,1,0,1,0,0
@222_ZRP74N_4,0,1,0,1,0,0,,0,1,0,1,0,0
@223_ZRP74N_4,0,0,0,1,0,0,,0,0,0,1,0,0
@224_ZRP74N_4,0,0,0,1,0,0,,0,0,0,1,0,0
@225_ZRP74N_4,1,0,1,0,0,0,,1,0,1,0,0,0
@226_ZRP74N_4,1,0,1,0,0,0,,1,0,1,0,0,0
@227_ZRP74N_4,0,0,1,0,0,0,,0,0,1,0,0,0
@228_ZRP74N_4,1,0,1,0,0,0,,1,0,1,0,0,0
@229_ZRP74N_4,1,0,1,0,0,0,,1,0,1,0,0,0
@230_ZRP74N_4,0,0,0,0,0,1,,0,0,0,0,0,1
@231_ZRP74N_4,0,1,0,1,0,0,,0,1,0,1,0,0
@232_ZRP74N_4,0,0,0,0,0,0,,0,0,0,0,0,0
@233_ZRP74N_4,1,0,1,0,0,0,,1,0,1,0,0,0
@234_ZRP74N_4,0,0,1,0,0,0,,0,0,1,0,0,0
@235_ZRP74N_4,0,0,0,0,0,0,,0,0,0,0,0,0
@236_ZRP74N_4,1,0,1,0,0,0,,1,0,1,0,0,0
@237_ZRP74N_4,0,1,0,1,0,0,,0,1,0,1,0,0
@238_ZRP74N_4,1,0,1,0,0,0,,1,0,1,0,0,0
@239_ZRP74N_4,1,0,1,0,0,0,,1,0,1,0,0,0
@240_ZRP74N_4,0,1,0,1,0,0,,0,1,0,1,0,0
@241_ZRP74N_4,0,0,1,0,0,0,,0,0,1,0,0,0
@242_ZRP74N_4,0,1,0,1,0,0,,0,1,0,1,0,0
@243_ZRP74N_4,0,1,0,1,0,0,,0,1,0,1,0,0
@244_ZRP74N_4,1,0,1,0,0,0,,1,0,1,0,0,0
@245_ZRP74N_4,0,0,0,1,0,0,,0,0,0,1,0,0
@246_ZRP74N_4,0,1,0,1,0,0,,0,1,0,1,0,0
@247_ZRP74N_4,1,0,1,0,0,0,,1,0,1,0,0,0
@248_ZRP74N_4,0,0,0,1,0,0,,0,0,0,1,0,0
@249_ZRP74N_4,1,0,1,0,0,0,,1,0,1,0,0,0
@250_ZRP74N_4,1,0,1,0,0,0,,1,0,1,0,0,0
@251_ZRP74N_4,0,0,0,1,0,0,,0,0,0,1,0,0
@252_ZRP74N_4,0,0,0,0,0,0,,0,0,0,0,0,0